Identity,User,Date,Average of IR Signal Ratio,Sum of IR Signal Ratio,Day of the Week,Month,Weekday/Weekend,Weekin Month,Week in Year,Moving Averages,Maximum Ratios,Minimum Ratios,very_active_minutes,lightly_active_minutes,sedentary_minutes,moderately_active_minutes,Total Active Minutes,Average Active Minutes,Average Calories,Sum of Calories,Percentage calories,Total Calories Per User,Maximum Calories Per User,Minimum Calories Per User,Average Calories Per Day,BPM,Percentage BPM,Average steps,Sum of steps,Average Steps by User,Total Steps by User,Total Steps by Month and User,Steps Category
Masai,M01,08-Jul-23,17,5431,Saturday,July,Weekend,Week 2,Week 27,17,17,16,0,2,1438,0,1440,360,0.71,1026,71%,2904,1026,856,968,70.75,71%,22,67,22,67,67,Low Activity
Masai,M02,17-Jun-23,21,964,Saturday,June,Weekend,Week 3,Week 24,17,21,12,3,127,1234,76,1440,360,1.2,1725,120%,76364,2193,932,1558,90,90%,24,9230,19,265649,161431,Moderate Activity
Masai,M02,29-Jun-23,15,948,Thursday,June,Weekday,Week 5,Week 26,17,21,12,0,68,1372,0,1440,360,0.9,1298,90%,76364,2193,932,1558,77,77%,12,1840,19,265649,161431,Low Activity
Masai,M03,17-Jun-23,18,1399,Saturday,June,Weekend,Week 3,Week 24,17,21,14,19,197,1196,28,1440,360,1.26,1819,126%,84689,2521,942,1728,73,73%,15,9791,16,322262,191282,Moderate Activity
Masai,M04,29-Jun-23,17,3725,Thursday,June,Weekday,Week 5,Week 26,17,19,12,45,307,1036,52,1440,360,1.99,2866,199%,97919,3654,1176,1998,73,73%,27,19580,25,316736,304869,High Activity
Masai,M05,17-Jun-23,20,1111,Saturday,June,Weekend,Week 3,Week 24,17,21,12,16,114,1307,3,1440,360,1.44,2080,144%,100209,3658,1256,2045,65,65%,20,6076,27,280408,157389,Moderate Activity
Masai,M05,01-Jul-23,20,4843,Saturday,July,Weekend,Week 1,Week 26,17,21,12,24,199,1211,6,1440,360,1.63,2348,163%,100209,3658,1256,2045,67,67%,20,9731,27,280408,123019,Moderate Activity
Masai,M05,08-Jul-23,13,101,Saturday,July,Weekend,Week 2,Week 27,17,21,12,23,98,1295,24,1440,360,1.48,2132,148%,100209,3658,1256,2045,82,82%,30,7867,27,280408,123019,Moderate Activity
Masai,M06,17-Jun-23,22,2296,Saturday,June,Weekend,Week 3,Week 24,17,22,13,29,288,1107,16,1440,360,1.9,2736,190%,119423,4438,1320,2437,65,65%,22,13162,23,455488,285407,High Activity
Masai,M07,05-Jul-23,18,3357,Wednesday,July,Weekday,Week 2,Week 27,18,23,13,34,259,1126,21,1440,360,1.79,2573,179%,108611,3935,1251,2217,65,65%,18,10693,25,389145,136573,High Activity
Masai,M07,05-Jul-23,17,297,Wednesday,July,Weekday,Week 2,Week 27,18,23,13,34,259,1126,21,1440,360,1.79,2573,179%,108611,3935,1251,2217,65,65%,18,10693,25,389145,136573,High Activity
Masai,M07,08-Jul-23,13,1798,Saturday,July,Weekend,Week 2,Week 27,18,23,13,11,52,1368,9,1440,360,1.28,1848,128%,108611,3935,1251,2217,74,74%,35,3850,25,389145,136573,Low Activity
Masai,M08,17-Jun-23,18,196,Saturday,June,Weekend,Week 3,Week 24,18,20,14,104,264,979,93,1440,360,2.4,3461,240%,104424,4190,1224,2131,83,83%,39,29336,29,376559,366861,High Activity
Masai,M09,17-Jun-23,16,1180,Saturday,June,Weekend,Week 3,Week 24,18,21,14,115,62,1247,16,1440,360,1.76,2531,176%,91299,4333,744,2174,74,74%,47,15562,33,393079,376553,High Activity
Masai,M10,17-Jun-23,16,1114,Saturday,June,Weekend,Week 3,Week 24,18,22,13,98,238,1074,30,1440,360,2.15,3089,215%,114882,4648,1272,2345,75,75%,32,20306,25,482588,312863,High Activity
Masai,M11,19-Jun-23,17,2921,Monday,June,Weekday,Week 4,Week 25,18,24,4,205,275,880,80,1440,360,2.9,4177,290%,121229,4874,1287,2474,86,86%,37,31874,29,597404,419530,High Activity
Masai,M12,24-Jun-23,19,209,Saturday,June,Weekend,Week 4,Week 25,18,23,17,146,276,988,30,1440,360,2.12,3060,212%,102701,3639,1146,2096,72,72%,37,27823,26,437753,267441,High Activity
Masai,M13,17-Jun-23,19,833,Saturday,June,Weekend,Week 3,Week 24,17,22,15,20,253,1120,47,1440,360,1.85,2666,185%,103076,3821,1210,2104,69,69%,25,15220,22,374369,275785,High Activity
Masai,M13,28-Jun-23,19,3118,Wednesday,June,Weekday,Week 5,Week 26,17,22,15,83,313,983,61,1440,360,2.17,3127,217%,103076,3821,1210,2104,77,77%,28,22461,22,374369,275785,High Activity
Masai,M13,07-Jul-23,19,1456,Friday,July,Weekday,Week 2,Week 27,17,22,15,37,166,1224,13,1440,360,1.46,2102,146%,103076,3821,1210,2104,76,76%,21,9073,22,374369,98584,Moderate Activity
Masai,M15,17-Jun-23,3,11,Saturday,June,Weekend,Week 3,Week 24,17,24,3,129,237,1039,35,1440,360,2.34,3367,234%,126376,5422,1359,2579,78,78%,34,23497,29,558233,345698,High Activity
Masai,M15,27-Jun-23,21,320,Tuesday,June,Weekday,Week 5,Week 26,17,24,3,72,331,1007,30,1440,360,2.29,3294,229%,126376,5422,1359,2579,79,79%,28,24902,29,558233,345698,High Activity
Masai,M16,17-Jun-23,17,284,Saturday,June,Weekend,Week 3,Week 24,17,21,14,4,247,1157,32,1440,360,1.82,2624,182%,113684,4379,1320,2320,75,75%,16,10190,23,417057,273159,High Activity
Masai,M17,17-Jun-23,13,177,Saturday,June,Weekend,Week 3,Week 24,17,21,13,5,249,1171,15,1440,360,1.83,2641,183%,115832,3719,1757,2364,74,74%,14,8618,16,319229,178826,Moderate Activity
Masai,M18,07-Jul-23,16,688,Friday,July,Weekday,Week 2,Week 27,17,22,16,0,109,1331,0,1440,360,1.28,1837,128%,103457,3337,1308,2111,63,63%,12,3544,20,305096,85997,Low Activity
Masai,M20,17-Jun-23,14,844,Saturday,June,Weekend,Week 3,Week 24,16,19,14,31,198,1186,25,1440,360,1.22,1763,122%,111541,4818,1123,2276,70,70%,19,10890,21,438380,278626,High Activity
Urban,U01,25-Jun-23,14,93,Sunday,June,Weekend,Week 4,Week 25,17,24,7,1,46,1381,12,1440,360,1.13,1633,113%,77328,2129,1426,1578,92,92%,8,1426,10,67571,20460,Low Activity
Urban,U01,01-Jul-23,17,607,Saturday,July,Weekend,Week 1,Week 26,17,24,7,2,138,1293,7,1440,360,1.28,1841,128%,77328,2129,1426,1578,86,86%,10,3890,10,67571,47111,Low Activity
Urban,U01,05-Jul-23,19,1298,Wednesday,July,Weekday,Week 2,Week 27,17,24,7,2,177,1255,6,1440,360,1.33,1908,133%,77328,2129,1426,1578,80,80%,14,5965,10,67571,47111,Moderate Activity
Urban,U02,08-Jul-23,18,3391,Saturday,July,Weekend,Week 2,Week 27,17,20,15,7,135,1295,3,1440,360,1.4,2023,140%,76146,2023,1428,1554,81,81%,10,4727,7,4956,4935,Low Activity
Urban,U03,20-Jun-23,11,158,Tuesday,June,Weekday,Week 4,Week 25,17,20,10,0,6,1434,0,1440,360,1.08,1556,108%,85297,2431,1386,1741,76,76%,2,96,11,75234,48060,Low Activity
Urban,U03,24-Jun-23,16,540,Saturday,June,Weekend,Week 4,Week 25,17,20,10,0,105,1335,0,1440,360,1.28,1841,128%,85297,2431,1386,1741,82,82%,8,2309,11,75234,48060,Low Activity
Urban,U03,25-Jun-23,15,501,Sunday,June,Weekend,Week 4,Week 25,17,20,10,14,226,1171,29,1440,360,1.69,2431,169%,85297,2431,1386,1741,86,86%,12,7493,11,75234,48060,Moderate Activity
Urban,U03,29-Jun-23,10,152,Thursday,June,Weekday,Week 5,Week 26,17,20,10,0,37,1403,0,1440,360,1.15,1660,115%,85297,2431,1386,1741,91,91%,26,1383,11,75234,48060,Low Activity
Urban,U03,01-Jul-23,14,175,Saturday,July,Weekend,Week 1,Week 26,17,20,10,0,99,1341,0,1440,360,1.23,1777,123%,85297,2431,1386,1741,82,82%,11,2592,11,75234,27174,Low Activity
Urban,U03,05-Jul-23,17,4118,Wednesday,July,Weekday,Week 2,Week 27,17,20,10,0,172,1268,0,1440,360,1.4,2011,140%,85297,2431,1386,1741,82,82%,13,5306,11,75234,27174,Moderate Activity
Urban,U06,25-Jun-23,17,2952,Sunday,June,Weekend,Week 4,Week 25,18,22,14,0,51,1389,0,1440,360,1.98,2847,198%,144411,3874,1233,1828,70,70%,7,1243,15,149672,51311,Low Activity
Urban,U06,25-Jun-23,17,2952,Sunday,June,Weekend,Week 4,Week 25,18,22,14,0,51,1389,0,1440,360,1.01,1458,101%,144411,3874,1233,1828,70,70%,7,1243,15,149672,51311,Low Activity
Urban,U07,08-Jul-23,18,1556,Saturday,July,Weekend,Week 2,Week 27,18,20,12,0,2,1438,0,1440,360,1.45,2093,145%,108156,3720,1426,1865,70,70%,13,26,8,26074,2282,Low Activity
Urban,U07,08-Jul-23,18,1556,Saturday,July,Weekend,Week 2,Week 27,18,20,12,0,2,1438,0,1440,360,1.1,1588,110%,108156,3720,1426,1865,70,70%,13,26,8,26074,2282,Low Activity
Urban,U08,25-Jun-23,18,2730,Sunday,June,Weekend,Week 4,Week 25,18,26,12,0,93,1347,0,1440,360,0.83,1194,83%,60419,1856,975,1233,79,79%,11,2422,13,123878,58713,Low Activity
Urban,U08,30-Jun-23,12,145,Friday,June,Weekday,Week 5,Week 26,17,26,12,1,393,1008,38,1440,360,1.18,1698,118%,60419,1856,975,1233,85,85%,13,11260,13,123878,58713,High Activity
Urban,U09,25-Jun-23,18,2668,Sunday,June,Weekend,Week 4,Week 25,17,22,16,0,219,1221,0,1440,360,1.24,1791,124%,87480,3330,1339,1785,74,74%,8,4110,21,267929,83880,Low Activity
Urban,U10,01-Jul-23,17,210,Saturday,July,Weekend,Week 1,Week 26,17,21,15,9,256,1149,26,1440,360,1.83,2640,183%,101232,2900,1574,2066,80,80%,6,4254,9,94913,12515,Low Activity
Urban,U10,08-Jul-23,18,2600,Saturday,July,Weekend,Week 2,Week 27,17,21,15,0,16,1424,0,1440,360,1.19,1715,119%,101232,2900,1574,2066,86,86%,5,218,9,94913,12515,Low Activity
Urban,U12,08-Jul-23,18,3272,Saturday,July,Weekend,Week 2,Week 27,17,20,12,0,2,1438,0,1440,360,1.1,1588,110%,86536,3062,1539,1766,76,76%,8,32,7,42340,1910,Low Activity
Urban,U13,25-Jun-23,10,148,Sunday,June,Weekend,Week 4,Week 25,17,20,10,0,150,1290,0,1440,360,1.33,1920,133%,89589,2719,1498,1828,72,72%,9,3076,10,94710,39402,Low Activity
Urban,U14,25-Jun-23,13,531,Sunday,June,Weekend,Week 4,Week 25,17,16,13,39,101,1268,32,1440,360,1.74,2504,174%,96791,3360,1048,1898,76,76%,23,8998,18,83247,73821,Moderate Activity
Urban,U14,28-Jun-23,16,617,Wednesday,June,Weekday,Week 5,Week 26,17,16,13,20,62,1327,31,1440,360,1.52,2194,152%,96791,3360,1048,1898,70,70%,21,5990,18,83247,73821,Moderate Activity
Urban,U15,25-Jun-23,19,372,Sunday,June,Weekend,Week 4,Week 25,18,22,14,75,101,1247,17,1440,360,2.07,2978,207%,118581,4909,1901,2420,71,71%,29,12315,20,221537,47316,High Activity
Urban,U15,28-Jun-23,21,209,Wednesday,June,Weekday,Week 5,Week 26,18,22,14,77,199,1128,36,1440,360,2.47,3554,247%,118581,4909,1901,2420,69,69%,20,14462,20,221537,47316,High Activity
Urban,U15,07-Jul-23,14,112,Friday,July,Weekday,Week 2,Week 27,18,22,14,82,67,1261,30,1440,360,2.16,3109,216%,118581,4909,1901,2420,88,88%,28,10443,20,221537,174221,High Activity
Urban,U16,25-Jun-23,26,2219,Sunday,June,Weekend,Week 4,Week 25,18,26,16,10,74,1342,14,1440,360,1.34,1936,134%,97338,3654,996,1909,68,68%,14,3734,15,117727,104304,Low Activity
Urban,U17,25-Jun-23,12,432,Sunday,June,Weekend,Week 4,Week 25,17,19,12,27,85,1292,36,1440,360,1.62,2334,162%,97952,3822,2,1959,83,83%,13,4812,14,77340,47852,Low Activity
Urban,U17,08-Jul-23,15,2377,Saturday,July,Weekend,Week 2,Week 27,18,19,12,42,99,1281,18,1440,360,1.63,2354,163%,97952,3822,2,1959,85,85%,17,6610,14,77340,29488,Moderate Activity
Urban,U18,25-Jun-23,18,768,Sunday,June,Weekend,Week 4,Week 25,18,32,10,0,122,1318,0,1440,360,1.76,2530,176%,107824,4181,43,2156,89,89%,8,3557,12,73614,40042,Low Activity
Urban,U18,03-Jul-23,32,160,Monday,July,Weekday,Week 2,Week 27,18,32,10,27,83,1320,10,1440,360,1.85,2669,185%,107824,4181,43,2156,106,106%,24,4544,12,73614,33572,Low Activity
Urban,U18,04-Jul-23,10,100,Tuesday,July,Weekday,Week 2,Week 27,17,32,10,0,44,1396,0,1440,360,1.45,2094,145%,107824,4181,43,2156,92,92%,11,928,12,73614,33572,Low Activity
Urban,U18,05-Jul-23,17,792,Wednesday,July,Weekday,Week 2,Week 27,18,32,10,0,189,1243,8,1440,360,1.88,2707,188%,107824,4181,43,2156,84,84%,9,4970,12,73614,33572,Low Activity
Urban,U18,06-Jul-23,11,51,Thursday,July,Weekday,Week 2,Week 27,18,32,10,12,155,1262,11,1440,360,1.85,2666,185%,107824,4181,43,2156,85,85%,9,5223,12,73614,33572,Moderate Activity
Urban,U18,07-Jul-23,11,85,Friday,July,Weekday,Week 2,Week 27,18,32,10,20,161,1240,19,1440,360,2.05,2957,205%,107824,4181,43,2156,95,95%,27,10068,12,73614,33572,High Activity
Urban,U18,08-Jul-23,11,92,Saturday,July,Weekend,Week 2,Week 27,18,32,10,0,23,1417,0,1440,360,1.42,2039,142%,107824,4181,43,2156,91,91%,13,711,12,73614,33572,Low Activity
Urban,U19,25-Jun-23,14,386,Sunday,June,Weekend,Week 4,Week 25,18,22,14,2,97,1323,18,1440,360,1.14,1644,114%,87771,3332,30,1755,76,76%,15,4437,18,213827,76517,Low Activity
Urban,U19,03-Jul-23,18,1078,Monday,July,Weekday,Week 2,Week 27,18,22,14,80,189,1122,49,1440,360,1.68,2415,168%,87771,3332,30,1755,81,81%,33,15735,18,213827,137310,High Activity
Urban,U20,25-Jun-23,8,63,Sunday,June,Weekend,Week 4,Week 25,17,22,8,0,165,1275,0,1440,360,1.48,2136,148%,98463,3594,1105,1931,74,74%,14,4808,12,84410,72879,Low Activity
Masai,M07,07-Jul-23,17,3265,Friday,July,Weekday,Week 2,Week 27,18,23,13,28,283,682,22,1015,253.75,1.83,2635,183%,108611,3935,1251,2217,64,64%,17,9804,25,389145,136573,Moderate Activity
Masai,M07,07-Jul-23,23,3676,Friday,July,Weekday,Week 2,Week 27,18,23,13,28,283,682,22,1015,253.75,1.83,2635,183%,108611,3935,1251,2217,64,64%,17,9804,25,389145,136573,Moderate Activity
Masai,M07,22-Jun-23,17,3606,Thursday,June,Weekday,Week 4,Week 25,18,23,13,23,262,422,16,723,180.75,1.77,2553,177%,108611,3935,1251,2217,62,62%,14,9059,25,389145,252572,Moderate Activity
Masai,M07,23-Jun-23,17,3695,Friday,June,Weekday,Week 4,Week 25,18,23,13,0,100,748,0,848,212,1.29,1863,129%,108611,3935,1251,2217,55,55%,11,2773,25,389145,252572,Low Activity
Masai,M08,01-Jul-23,16,2368,Saturday,July,Weekend,Week 1,Week 26,18,20,14,32,99,436,41,608,152,1.52,2185,152%,104424,4190,1224,2131,73,73%,37,9698,29,376559,9698,Moderate Activity
Masai,M09,28-Jun-23,16,140,Wednesday,June,Weekday,Week 5,Week 26,18,21,14,12,103,1268,33,1416,354,1.42,2042,142%,91299,4333,744,2174,74,74%,24,7175,33,393079,376553,Moderate Activity
Urban,U06,27-Jun-23,18,3401,Tuesday,June,Weekday,Week 5,Week 26,18,22,14,0,89,789,8,886,221.5,1.53,2199,153%,144411,3874,1233,1828,71,71%,9,2630,15,149672,51311,Low Activity
Urban,U06,27-Jun-23,18,3401,Tuesday,June,Weekday,Week 5,Week 26,18,22,14,0,89,789,8,886,221.5,1.09,1570,109%,144411,3874,1233,1828,71,71%,9,2630,15,149672,51311,Low Activity
Urban,U06,28-Jun-23,18,3319,Wednesday,June,Weekday,Week 5,Week 26,18,22,14,0,79,763,0,842,210.5,1.73,2488,173%,144411,3874,1233,1828,71,71%,5,2972,15,149672,51311,Low Activity
Urban,U06,28-Jun-23,18,3319,Wednesday,June,Weekday,Week 5,Week 26,18,22,14,0,79,763,0,842,210.5,1.08,1551,108%,144411,3874,1233,1828,71,71%,5,2972,15,149672,51311,Low Activity
Urban,U06,06-Jul-23,21,6801,Thursday,July,Weekday,Week 2,Week 27,18,22,14,1,179,532,12,724,181,1.28,1839,128%,144411,3874,1233,1828,78,78%,13,6037,15,149672,98361,Moderate Activity
Urban,U06,07-Jul-23,20,3440,Friday,July,Weekday,Week 2,Week 27,18,22,14,8,219,724,4,955,238.75,1.31,1886,131%,144411,3874,1233,1828,81,81%,10,5576,15,149672,98361,Moderate Activity
Urban,U07,25-Jun-23,20,1364,Sunday,June,Weekend,Week 4,Week 25,18,20,12,0,128,1139,0,1267,316.75,1.31,1891,131%,108156,3720,1426,1865,74,74%,5,1741,8,26074,23792,Low Activity
Urban,U07,26-Jun-23,12,1657,Monday,June,Weekday,Week 5,Week 26,18,20,12,6,231,675,35,947,236.75,1.71,2458,171%,108156,3720,1426,1865,75,75%,14,7924,8,26074,23792,Moderate Activity
Urban,U07,27-Jun-23,17,2507,Tuesday,June,Weekday,Week 5,Week 26,18,20,12,0,303,625,0,928,232,1.63,2349,163%,108156,3720,1426,1865,79,79%,7,5330,8,26074,23792,Moderate Activity
Urban,U07,28-Jun-23,18,4105,Wednesday,June,Weekday,Week 5,Week 26,18,20,12,0,129,701,0,830,207.5,1.3,1875,130%,108156,3720,1426,1865,72,72%,5,1828,8,26074,23792,Low Activity
Urban,U07,29-Jun-23,19,4360,Thursday,June,Weekday,Week 5,Week 26,18,20,12,0,197,549,0,746,186.5,1.46,2108,146%,108156,3720,1426,1865,74,74%,8,4509,8,26074,23792,Low Activity
Urban,U07,30-Jun-23,18,2815,Friday,June,Weekday,Week 5,Week 26,18,20,12,0,205,785,0,990,247.5,1.41,2029,141%,108156,3720,1426,1865,75,75%,4,2460,8,26074,23792,Low Activity
Urban,U07,01-Jul-23,19,1989,Saturday,July,Weekend,Week 1,Week 26,18,20,12,0,136,822,0,958,239.5,2.58,3720,258%,108156,3720,1426,1865,78,78%,8,2256,8,26074,2282,Low Activity
Urban,U07,01-Jul-23,19,1989,Saturday,July,Weekend,Week 1,Week 26,18,20,12,0,136,822,0,958,239.5,1.32,1902,132%,108156,3720,1426,1865,78,78%,8,2256,8,26074,2282,Low Activity
Urban,U08,28-Jun-23,22,4992,Wednesday,June,Weekday,Week 5,Week 26,18,26,12,0,310,634,0,944,236,1.05,1507,105%,60419,1856,975,1233,83,83%,7,5423,13,123878,58713,Moderate Activity
Urban,U13,27-Jun-23,18,2741,Tuesday,June,Weekday,Week 5,Week 26,18,20,10,0,181,834,0,1015,253.75,1.44,2068,144%,89589,2719,1498,1828,71,71%,7,4671,10,94710,39402,Low Activity
Urban,U13,28-Jun-23,15,1521,Wednesday,June,Weekday,Week 5,Week 26,18,20,10,0,231,915,0,1146,286.5,1.55,2238,155%,89589,2719,1498,1828,73,73%,7,5523,10,94710,39402,Moderate Activity
Urban,U13,29-Jun-23,19,3713,Thursday,June,Weekday,Week 5,Week 26,18,20,10,9,248,796,3,1056,264,1.66,2395,166%,89589,2719,1498,1828,75,75%,13,9403,10,94710,39402,Moderate Activity
Urban,U13,30-Jun-23,20,3873,Friday,June,Weekday,Week 5,Week 26,18,20,10,0,214,623,0,837,209.25,1.51,2177,151%,89589,2719,1498,1828,72,72%,10,6687,10,94710,39402,Moderate Activity
Urban,U13,01-Jul-23,20,2818,Saturday,July,Weekend,Week 1,Week 26,18,20,10,6,284,805,9,1104,276,1.63,2347,163%,89589,2719,1498,1828,74,74%,8,6582,10,94710,55308,Moderate Activity
Urban,U14,29-Jun-23,15,1988,Thursday,June,Weekday,Week 5,Week 26,18,16,13,52,208,663,30,953,238.25,2.02,2913,202%,96791,3360,1048,1898,80,80%,11,8577,18,83247,73821,Moderate Activity
Urban,U14,30-Jun-23,15,1925,Friday,June,Weekday,Week 5,Week 26,18,16,13,44,202,911,58,1215,303.75,2.04,2934,204%,96791,3360,1048,1898,75,75%,15,8692,18,83247,73821,Moderate Activity
Urban,U14,01-Jul-23,15,2227,Saturday,July,Weekend,Week 1,Week 26,18,16,13,42,88,647,39,816,204,1.72,2472,172%,96791,3360,1048,1898,73,73%,39,9426,18,83247,9426,Moderate Activity
Urban,U15,26-Jun-23,18,3650,Monday,June,Weekday,Week 5,Week 26,18,22,14,0,74,916,0,990,247.5,1.55,2228,155%,118581,4909,1901,2420,56,56%,9,2449,20,221537,47316,Low Activity
Urban,U15,27-Jun-23,17,2866,Tuesday,June,Weekday,Week 5,Week 26,18,22,14,0,71,855,0,926,231.5,1.53,2209,153%,118581,4909,1901,2420,56,56%,10,2303,20,221537,47316,Low Activity
Urban,U15,29-Jun-23,15,2232,Thursday,June,Weekday,Week 5,Week 26,18,22,14,53,163,882,31,1129,282.25,2.35,3377,235%,118581,4909,1901,2420,68,68%,10,9070,20,221537,47316,Moderate Activity
Urban,U15,30-Jun-23,17,3456,Friday,June,Weekday,Week 5,Week 26,18,22,14,26,137,717,10,890,222.5,1.88,2705,188%,118581,4909,1901,2420,58,58%,15,6717,20,221537,47316,Moderate Activity
Urban,U16,27-Jun-23,19,3750,Tuesday,June,Weekday,Week 5,Week 26,18,26,16,17,281,509,9,816,204,1.8,2585,180%,97338,3654,996,1909,72,72%,10,8822,15,117727,104304,Moderate Activity
Urban,U16,28-Jun-23,20,4362,Wednesday,June,Weekday,Week 5,Week 26,18,26,16,20,228,721,18,987,246.75,1.85,2659,185%,97338,3654,996,1909,75,75%,10,9104,15,117727,104304,Moderate Activity
Urban,U18,27-Jun-23,19,4709,Tuesday,June,Weekday,Week 5,Week 26,18,32,10,19,130,616,45,810,202.5,2.04,2937,204%,107824,4181,43,2156,80,80%,10,5318,12,73614,40042,Moderate Activity
Urban,U18,28-Jun-23,17,4019,Wednesday,June,Weekday,Week 5,Week 26,18,32,10,4,177,793,11,985,246.25,2.06,2968,206%,107824,4181,43,2156,82,82%,6,4238,12,73614,40042,Low Activity
Urban,U18,29-Jun-23,17,1582,Thursday,June,Weekday,Week 5,Week 26,18,32,10,0,218,721,0,939,234.75,2.02,2904,202%,107824,4181,43,2156,80,80%,4,3384,12,73614,40042,Low Activity
Urban,U18,01-Jul-23,18,3128,Saturday,July,Weekend,Week 1,Week 26,18,32,10,65,115,819,26,1025,256.25,2.26,3257,226%,107824,4181,43,2156,89,89%,17,7128,12,73614,33572,Moderate Activity
Urban,U19,28-Jun-23,21,4631,Wednesday,June,Weekday,Week 5,Week 26,19,22,14,0,241,653,0,894,223.5,1.37,1971,137%,87771,3332,30,1755,76,76%,6,4438,18,213827,76517,Low Activity
Urban,U19,02-Jul-23,22,3237,Sunday,July,Weekend,Week 1,Week 26,18,22,14,0,53,838,0,891,222.75,1,1443,100%,87771,3332,30,1755,62,62%,6,861,18,213827,137310,Low Activity
Urban,U20,29-Jun-23,22,3470,Thursday,June,Weekday,Week 5,Week 26,18,22,8,0,271,764,0,1035,258.75,1.63,2353,163%,98463,3594,1105,1931,73,73%,9,5311,12,84410,72879,Moderate Activity
Masai,M02,28-Jun-23,15,2278,Wednesday,June,Weekday,Week 5,Week 26,17,21,12,0,173,650,43,866,216.5,1.16,1665,116%,76364,2193,932,1558,88,88%,23,9931,19,265649,161431,Moderate Activity
Masai,M02,30-Jun-23,15,3056,Friday,June,Weekday,Week 5,Week 26,17,21,12,2,143,555,35,735,183.75,1.11,1593,111%,76364,2193,932,1558,81,81%,19,8482,19,265649,161431,Moderate Activity
Masai,M02,03-Jul-23,13,2877,Monday,July,Weekday,Week 2,Week 27,17,21,12,0,235,572,0,807,201.75,1.11,1593,111%,76364,2193,932,1558,81,81%,11,5846,19,265649,104218,Moderate Activity
Masai,M02,04-Jul-23,12,2609,Tuesday,July,Weekday,Week 2,Week 27,17,21,12,15,176,651,38,880,220,1.18,1706,118%,76364,2193,932,1558,84,84%,17,9643,19,265649,104218,Moderate Activity
Masai,M13,20-Jun-23,17,437,Tuesday,June,Weekday,Week 4,Week 25,17,22,15,9,314,669,9,1001,250.25,1.57,2264,157%,103076,3821,1210,2104,62,62%,13,9218,22,374369,275785,Moderate Activity
Masai,M13,05-Jul-23,20,4049,Wednesday,July,Weekday,Week 2,Week 27,17,22,15,4,270,587,8,869,217.25,1.5,2159,150%,103076,3821,1210,2104,73,73%,13,6957,22,374369,98584,Moderate Activity
Masai,M14,28-Jun-23,16,4150,Wednesday,June,Weekday,Week 5,Week 26,17,20,15,45,115,803,45,1008,252,1.65,2380,165%,110144,4643,1291,2248,59,59%,21,9957,22,395377,273356,Moderate Activity
Masai,M14,03-Jul-23,18,2969,Monday,July,Weekday,Week 2,Week 27,17,20,15,24,154,847,20,1045,261.25,1.55,2232,155%,110144,4643,1291,2248,60,60%,13,6718,22,395377,122021,Moderate Activity
Masai,M18,23-Jun-23,17,4482,Friday,June,Weekday,Week 4,Week 25,17,22,16,12,209,540,10,771,192.75,1.6,2302,160%,103457,3337,1308,2111,67,67%,16,9075,20,305096,219099,Moderate Activity
Masai,M18,24-Jun-23,20,3649,Saturday,June,Weekend,Week 4,Week 25,17,22,16,11,261,589,6,867,216.75,1.59,2284,159%,103457,3337,1308,2111,63,63%,15,9006,20,305096,219099,Moderate Activity
Masai,M18,29-Jun-23,19,4999,Thursday,June,Weekday,Week 5,Week 26,17,22,16,1,374,805,35,1215,303.75,1.93,2772,193%,103457,3337,1308,2111,79,79%,5,3964,20,305096,219099,Low Activity
Masai,M18,30-Jun-23,18,4801,Friday,June,Weekday,Week 5,Week 26,17,22,16,4,163,458,75,700,175,1.69,2438,169%,103457,3337,1308,2111,77,77%,5,3475,20,305096,219099,Low Activity
Masai,M18,03-Jul-23,18,4692,Monday,July,Weekday,Week 2,Week 27,17,22,16,6,201,698,5,910,227.5,1.53,2197,153%,103457,3337,1308,2111,67,67%,11,7172,20,305096,85997,Moderate Activity
Masai,M18,04-Jul-23,19,3881,Tuesday,July,Weekday,Week 2,Week 27,17,22,16,1,256,453,11,721,180.25,1.62,2326,162%,103457,3337,1308,2111,64,64%,17,9949,20,305096,85997,Moderate Activity
Masai,M18,08-Jul-23,20,4094,Saturday,July,Weekend,Week 2,Week 27,17,22,16,46,86,706,4,842,210.5,1.45,2086,145%,103457,3337,1308,2111,67,67%,39,8180,20,305096,85997,Moderate Activity
Urban,U01,02-Jul-23,16,4804,Sunday,July,Weekend,Week 1,Week 26,17,24,7,0,157,687,0,844,211,1.26,1821,126%,77328,2129,1426,1578,82,82%,10,4215,10,67571,47111,Low Activity
Urban,U01,03-Jul-23,14,3062,Monday,July,Weekday,Week 2,Week 27,17,24,7,4,212,526,15,757,189.25,1.43,2060,143%,77328,2129,1426,1578,82,82%,18,8425,10,67571,47111,Moderate Activity
Urban,U01,06-Jul-23,15,3608,Thursday,July,Weekday,Week 2,Week 27,17,24,7,0,138,577,0,715,178.75,1.24,1785,124%,77328,2129,1426,1578,78,78%,12,4486,10,67571,47111,Low Activity
Urban,U01,07-Jul-23,16,3565,Friday,July,Weekday,Week 2,Week 27,17,24,7,0,252,571,0,823,205.75,1.42,2048,142%,77328,2129,1426,1578,81,81%,12,6836,10,67571,47111,Moderate Activity
Urban,U01,08-Jul-23,16,2782,Saturday,July,Weekend,Week 2,Week 27,17,24,7,2,221,600,15,838,209.5,1.41,2032,141%,77328,2129,1426,1578,83,83%,12,6524,10,67571,47111,Moderate Activity
Urban,U01,09-Jul-23,15,3316,Sunday,July,Weekend,Week 2,Week 27,17,24,7,0,211,553,0,764,191,1.45,1836,145%,77328,2129,1426,1578,83,83%,17,6770,10,67571,47111,Moderate Activity
Urban,U02,09-Jul-23,16,1962,Sunday,July,Weekend,Week 2,Week 27,17,20,15,0,17,815,0,832,208,1.12,1428,112%,76146,2023,1428,1554,73,73%,5,208,7,4956,4935,Low Activity
Urban,U03,21-Jun-23,19,4565,Wednesday,June,Weekday,Week 4,Week 25,17,20,10,0,148,799,0,947,236.75,1.39,2004,139%,85297,2431,1386,1741,77,77%,12,3896,11,75234,48060,Low Activity
Urban,U03,22-Jun-23,20,3828,Thursday,June,Weekday,Week 4,Week 25,17,20,10,0,186,672,0,858,214.5,1.47,2118,147%,85297,2431,1386,1741,79,79%,12,4753,11,75234,48060,Low Activity
Urban,U03,23-Jun-23,17,2924,Friday,June,Weekday,Week 4,Week 25,17,20,10,0,24,873,0,897,224.25,1.11,1599,111%,85297,2431,1386,1741,70,70%,5,323,11,75234,48060,Low Activity
Urban,U03,26-Jun-23,18,3309,Monday,June,Weekday,Week 5,Week 26,17,20,10,0,92,929,0,1021,255.25,1.21,1738,121%,85297,2431,1386,1741,75,75%,9,1635,11,75234,48060,Low Activity
Urban,U03,27-Jun-23,17,2807,Tuesday,June,Weekday,Week 5,Week 26,17,20,10,0,153,803,0,956,239,1.34,1937,134%,85297,2431,1386,1741,78,78%,17,4224,11,75234,48060,Low Activity
Urban,U03,02-Jul-23,16,2991,Sunday,July,Weekend,Week 1,Week 26,17,20,10,0,199,779,0,978,244.5,1.4,2017,140%,85297,2431,1386,1741,79,79%,9,3989,11,75234,27174,Low Activity
Urban,U03,03-Jul-23,17,3161,Monday,July,Weekday,Week 2,Week 27,17,20,10,0,101,831,0,932,233,1.25,1795,125%,85297,2431,1386,1741,76,76%,13,2649,11,75234,27174,Low Activity
Urban,U03,06-Jul-23,19,3502,Thursday,July,Weekday,Week 2,Week 27,17,20,10,0,198,712,0,910,227.5,1.45,2083,145%,85297,2431,1386,1741,79,79%,10,5616,11,75234,27174,Moderate Activity
Urban,U03,07-Jul-23,11,92,Friday,July,Weekday,Week 2,Week 27,17,20,10,7,62,930,4,1003,250.75,1.22,1763,122%,85297,2431,1386,1741,76,76%,14,2462,11,75234,27174,Low Activity
Urban,U08,29-Jun-23,20,3236,Thursday,June,Weekday,Week 5,Week 26,17,26,12,0,399,650,0,1049,262.25,1.12,1620,112%,60419,1856,975,1233,84,84%,12,8507,13,123878,58713,Moderate Activity
Urban,U08,01-Jul-23,18,2886,Saturday,July,Weekend,Week 1,Week 26,17,26,12,0,311,660,0,971,242.75,1.06,1532,106%,60419,1856,975,1233,81,81%,12,7783,13,123878,65165,Moderate Activity
Urban,U08,02-Jul-23,21,3149,Sunday,July,Weekend,Week 1,Week 26,17,26,12,0,342,532,0,874,218.5,1.04,1502,104%,60419,1856,975,1233,80,80%,9,6158,13,123878,65165,Moderate Activity
Urban,U08,03-Jul-23,17,2272,Monday,July,Weekday,Week 2,Week 27,17,26,12,14,222,754,15,1005,251.25,1.03,1476,103%,60419,1856,975,1233,80,80%,12,8286,13,123878,65165,Moderate Activity
Urban,U08,04-Jul-23,18,3017,Tuesday,July,Weekday,Week 2,Week 27,17,26,12,0,270,667,0,937,234.25,0.97,1401,97%,60419,1856,975,1233,82,82%,6,4043,13,123878,65165,Low Activity
Urban,U08,05-Jul-23,18,3441,Wednesday,July,Weekday,Week 2,Week 27,17,26,12,0,353,520,10,883,220.75,1.1,1582,110%,60419,1856,975,1233,83,83%,11,8891,13,123878,65165,Moderate Activity
Urban,U08,07-Jul-23,19,3329,Friday,July,Weekday,Week 2,Week 27,17,26,12,0,293,552,0,845,211.25,1.03,1480,103%,60419,1856,975,1233,80,80%,11,7330,13,123878,65165,Moderate Activity
Urban,U08,08-Jul-23,23,3738,Saturday,July,Weekend,Week 2,Week 27,17,26,12,0,195,771,9,975,243.75,0.96,1383,96%,60419,1856,975,1233,83,83%,15,6446,13,123878,65165,Moderate Activity
Urban,U09,26-Jun-23,19,5144,Monday,June,Weekday,Week 5,Week 26,17,22,16,0,344,513,6,863,215.75,1.46,2109,146%,87480,3330,1339,1785,69,69%,15,9794,21,267929,83880,Moderate Activity
Urban,U10,18-Jun-23,17,784,Sunday,June,Weekend,Week 3,Week 24,17,21,15,1,147,1152,24,1324,331,1.71,2460,171%,101232,2900,1574,2066,74,74%,13,6625,9,94913,82398,Moderate Activity
Urban,U10,19-Jun-23,17,3879,Monday,June,Weekday,Week 4,Week 25,17,21,15,3,235,707,8,953,238.25,1.69,2439,169%,101232,2900,1574,2066,66,66%,8,4413,9,94913,82398,Low Activity
Urban,U10,20-Jun-23,15,2400,Tuesday,June,Weekday,Week 4,Week 25,17,21,15,36,151,633,71,891,222.75,2.01,2900,201%,101232,2900,1574,2066,76,76%,5,4308,9,94913,82398,Low Activity
Urban,U10,21-Jun-23,17,3299,Wednesday,June,Weekday,Week 4,Week 25,17,21,15,52,168,628,49,897,224.25,2.01,2895,201%,101232,2900,1574,2066,74,74%,9,6441,9,94913,82398,Moderate Activity
Urban,U10,22-Jun-23,17,2728,Thursday,June,Weekday,Week 4,Week 25,17,21,15,2,211,721,7,941,235.25,1.82,2614,182%,101232,2900,1574,2066,75,75%,7,5642,9,94913,82398,Moderate Activity
Urban,U10,23-Jun-23,17,2739,Friday,June,Weekday,Week 4,Week 25,17,21,15,5,262,719,13,999,249.75,1.76,2537,176%,101232,2900,1574,2066,67,67%,11,7255,9,94913,82398,Moderate Activity
Urban,U10,24-Jun-23,17,2549,Saturday,June,Weekend,Week 4,Week 25,17,21,15,0,132,783,0,915,228.75,1.46,2098,146%,101232,2900,1574,2066,62,62%,7,3482,9,94913,82398,Low Activity
Urban,U10,25-Jun-23,16,2995,Sunday,June,Weekend,Week 4,Week 25,17,21,15,9,65,936,1,1011,252.75,1.36,1955,136%,101232,2900,1574,2066,65,65%,8,1856,9,94913,82398,Low Activity
Urban,U10,26-Jun-23,17,3182,Monday,June,Weekday,Week 5,Week 26,17,21,15,4,112,822,14,952,238,1.46,2106,146%,101232,2900,1574,2066,67,67%,7,3618,9,94913,82398,Low Activity
Urban,U10,27-Jun-23,15,2851,Tuesday,June,Weekday,Week 5,Week 26,17,21,15,5,238,708,5,956,239,1.68,2424,168%,101232,2900,1574,2066,69,69%,10,7193,9,94913,82398,Moderate Activity
Urban,U10,29-Jun-23,15,2946,Thursday,June,Weekday,Week 5,Week 26,17,21,15,0,251,699,0,950,237.5,1.68,2419,168%,101232,2900,1574,2066,66,66%,11,6714,9,94913,82398,Moderate Activity
Urban,U10,30-Jun-23,20,3154,Friday,June,Weekday,Week 5,Week 26,17,21,15,0,254,798,0,1052,263,1.71,2462,171%,101232,2900,1574,2066,71,71%,10,6497,9,94913,82398,Moderate Activity
Urban,U10,02-Jul-23,16,3008,Sunday,July,Weekend,Week 1,Week 26,17,21,15,3,263,711,12,989,247.25,1.74,2502,174%,101232,2900,1574,2066,69,69%,11,7513,9,94913,12515,Moderate Activity
Urban,U10,03-Jul-23,17,2521,Monday,July,Weekday,Week 2,Week 27,17,21,15,0,55,1022,0,1077,269.25,1.25,1793,125%,101232,2900,1574,2066,67,67%,3,530,9,94913,12515,Low Activity
Urban,U12,26-Jun-23,12,1421,Monday,June,Weekday,Week 5,Week 26,17,20,12,15,211,832,32,1090,272.5,1.74,2507,174%,86536,3062,1539,1766,77,77%,6,5145,7,42340,40430,Moderate Activity
Urban,U12,28-Jun-23,16,2138,Wednesday,June,Weekday,Week 5,Week 26,17,20,12,3,186,876,31,1096,274,1.69,2436,169%,86536,3062,1539,1766,79,79%,5,4403,7,42340,40430,Low Activity
Urban,U12,29-Jun-23,16,2035,Thursday,June,Weekday,Week 5,Week 26,17,20,12,0,149,796,19,964,241,1.53,2204,153%,86536,3062,1539,1766,77,77%,2,2072,7,42340,40430,Low Activity
Urban,U12,30-Jun-23,16,1977,Friday,June,Weekday,Week 5,Week 26,17,20,12,16,210,785,34,1045,261.25,1.84,2649,184%,86536,3062,1539,1766,84,84%,4,4231,7,42340,40430,Low Activity
Urban,U12,01-Jul-23,14,2340,Saturday,July,Weekend,Week 1,Week 26,17,20,12,0,106,863,9,978,244.5,1.38,1982,138%,86536,3062,1539,1766,74,74%,7,1878,7,42340,1910,Low Activity
Urban,U13,02-Jul-23,17,3564,Sunday,July,Weekend,Week 1,Week 26,17,20,10,10,231,714,22,977,244.25,1.61,2318,161%,89589,2719,1498,1828,72,72%,13,8136,10,94710,55308,Moderate Activity
Urban,U13,03-Jul-23,19,3990,Monday,July,Weekday,Week 2,Week 27,17,20,10,0,210,705,0,915,228.75,1.48,2126,148%,89589,2719,1498,1828,74,74%,7,4622,10,94710,55308,Low Activity
Urban,U13,05-Jul-23,19,2740,Wednesday,July,Weekday,Week 2,Week 27,17,20,10,6,256,890,4,1156,289,1.63,2343,163%,89589,2719,1498,1828,75,75%,8,6849,10,94710,55308,Moderate Activity
Urban,U13,06-Jul-23,18,3316,Thursday,July,Weekday,Week 2,Week 27,17,20,10,0,245,778,0,1023,255.75,1.56,2241,156%,89589,2719,1498,1828,73,73%,11,7181,10,94710,55308,Moderate Activity
Urban,U13,07-Jul-23,20,2755,Friday,July,Weekday,Week 2,Week 27,17,20,10,0,268,853,0,1121,280.25,1.57,2266,157%,89589,2719,1498,1828,73,73%,10,6934,10,94710,55308,Moderate Activity
Urban,U13,08-Jul-23,18,2385,Saturday,July,Weekend,Week 2,Week 27,17,20,10,0,58,1034,0,1092,273,1.17,1683,117%,89589,2719,1498,1828,75,75%,5,783,10,94710,55308,Low Activity
Urban,U17,26-Jun-23,16,2870,Monday,June,Weekday,Week 5,Week 26,17,19,12,8,191,785,2,986,246.5,1.67,2406,167%,97952,3822,2,1959,76,76%,9,5764,14,77340,47852,Moderate Activity
Urban,U17,27-Jun-23,15,3216,Tuesday,June,Weekday,Week 5,Week 26,17,19,12,3,311,513,23,850,212.5,1.98,2858,198%,97952,3822,2,1959,79,79%,8,7949,14,77340,47852,Moderate Activity
Urban,U17,28-Jun-23,15,2656,Wednesday,June,Weekday,Week 5,Week 26,17,19,12,16,294,726,10,1046,261.5,1.93,2777,193%,97952,3822,2,1959,76,76%,9,7718,14,77340,47852,Moderate Activity
Urban,U17,29-Jun-23,15,2638,Thursday,June,Weekday,Week 5,Week 26,17,19,12,4,258,701,24,987,246.75,1.87,2686,187%,97952,3822,2,1959,77,77%,7,6000,14,77340,47852,Moderate Activity
Urban,U17,01-Jul-23,17,2330,Saturday,July,Weekend,Week 1,Week 26,17,19,12,36,93,839,22,990,247.5,1.63,2349,163%,97952,3822,2,1959,77,77%,23,7123,14,77340,29488,Moderate Activity
Masai,M07,01-Jul-23,13,1925,Saturday,July,Weekend,Week 1,Week 26,18,23,13,45,310,637,67,1059,264.75,2.16,3113,216%,108611,3935,1251,2217,65,65%,28,20645,25,389145,136573,High Activity
Masai,M07,01-Jul-23,19,2400,Saturday,July,Weekend,Week 1,Week 26,18,23,13,45,310,637,67,1059,264.75,2.16,3113,216%,108611,3935,1251,2217,65,65%,28,20645,25,389145,136573,High Activity
Masai,M07,24-Jun-23,17,2198,Saturday,June,Weekend,Week 4,Week 25,18,23,13,132,260,402,62,856,214,2.46,3548,246%,108611,3935,1251,2217,67,67%,33,25480,25,389145,252572,High Activity
Masai,M08,24-Jun-23,15,1873,Saturday,June,Weekend,Week 4,Week 25,18,20,14,28,356,500,57,941,235.25,2.01,2888,201%,104424,4190,1224,2131,71,71%,23,17588,29,376559,366861,High Activity
Masai,M09,24-Jun-23,15,2381,Saturday,June,Weekend,Week 4,Week 25,18,21,14,266,211,434,34,945,236.25,2.65,3820,265%,91299,4333,744,2174,79,79%,47,39394,33,393079,376553,High Activity
Masai,M09,01-Jul-23,21,1766,Saturday,July,Weekend,Week 1,Week 26,18,21,14,77,42,952,79,1150,287.5,1.71,2464,171%,91299,4333,744,2174,74,74%,76,16526,33,393079,16526,High Activity
Masai,M12,01-Jul-23,21,3708,Saturday,July,Weekend,Week 1,Week 26,18,23,17,187,353,300,51,891,222.75,2.53,3639,253%,102701,3639,1146,2096,78,78%,45,42874,26,437753,170312,High Activity
Urban,U06,01-Jul-23,18,3459,Saturday,July,Weekend,Week 1,Week 26,18,22,14,70,396,334,158,958,239.5,2.3,3318,230%,144411,3874,1233,1828,88,88%,19,16748,15,149672,98361,High Activity
Urban,U06,02-Jul-23,15,2880,Sunday,July,Weekend,Week 1,Week 26,18,22,14,1,301,543,43,888,222,1.54,2217,154%,144411,3874,1233,1828,78,78%,16,11935,15,149672,98361,High Activity
Urban,U06,08-Jul-23,22,3333,Saturday,July,Weekend,Week 2,Week 27,18,22,14,9,350,495,88,942,235.5,1.86,2672,186%,144411,3874,1233,1828,94,94%,25,14400,15,149672,98361,High Activity
Urban,U15,01-Jul-23,18,3137,Saturday,July,Weekend,Week 1,Week 26,18,22,14,199,189,627,40,1055,263.75,3.18,4583,318%,118581,4909,1901,2420,68,68%,38,29748,20,221537,174221,High Activity
Urban,U15,02-Jul-23,18,3162,Sunday,July,Weekend,Week 1,Week 26,18,22,14,127,312,492,61,992,248,3.03,4356,303%,118581,4909,1901,2420,67,67%,27,24088,20,221537,174221,High Activity
Urban,U15,08-Jul-23,22,2016,Saturday,July,Weekend,Week 2,Week 27,18,22,14,123,464,624,32,1243,310.75,3.41,4909,341%,118581,4909,1901,2420,73,73%,25,24079,20,221537,174221,High Activity
Urban,U15,09-Jul-23,16,2414,Sunday,July,Weekend,Week 2,Week 27,18,22,14,52,431,475,18,976,244,2.69,3860,269%,118581,4909,1901,2420,67,67%,21,18044,20,221537,174221,High Activity
Urban,U17,09-Jul-23,19,3205,Sunday,July,Weekend,Week 2,Week 27,18,19,12,19,332,560,58,969,242.25,2.06,2967,206%,97952,3822,2,1959,77,77%,26,15755,14,77340,29488,High Activity
Urban,U19,01-Jul-23,19,3409,Saturday,July,Weekend,Week 1,Week 26,18,22,14,86,354,570,39,1049,262.25,1.93,2777,193%,87771,3332,30,1755,79,79%,26,22106,18,213827,137310,High Activity
Masai,M06,29-Jun-23,17,3126,Thursday,June,Weekday,Week 5,Week 26,18,22,13,173,230,536,92,1031,257.75,2.72,3914,272%,119423,4438,1320,2437,71,71%,41,34683,23,455488,285407,High Activity
Masai,M06,30-Jun-23,14,2771,Friday,June,Weekday,Week 5,Week 26,18,22,13,45,336,458,17,856,214,2.15,3090,215%,119423,4438,1320,2437,72,72%,18,16303,23,455488,285407,High Activity
Masai,M07,03-Jul-23,18,3604,Monday,July,Weekday,Week 2,Week 27,18,23,13,51,238,667,37,993,248.25,1.92,2772,192%,108611,3935,1251,2217,60,60%,26,16105,25,389145,136573,High Activity
Masai,M07,03-Jul-23,18,3305,Monday,July,Weekday,Week 2,Week 27,18,23,13,51,238,667,37,993,248.25,1.92,2772,192%,108611,3935,1251,2217,60,60%,26,16105,25,389145,136573,High Activity
Masai,M07,04-Jul-23,14,1958,Tuesday,July,Weekday,Week 2,Week 27,18,23,13,37,286,583,29,935,233.75,1.93,2775,193%,108611,3935,1251,2217,66,66%,25,15022,25,389145,136573,High Activity
Masai,M07,04-Jul-23,20,2993,Tuesday,July,Weekday,Week 2,Week 27,18,23,13,37,286,583,29,935,233.75,1.93,2775,193%,108611,3935,1251,2217,66,66%,25,15022,25,389145,136573,High Activity
Masai,M07,06-Jul-23,17,3245,Thursday,July,Weekday,Week 2,Week 27,18,23,13,73,337,356,65,831,207.75,2.38,3425,238%,108611,3935,1251,2217,69,69%,29,25436,25,389145,136573,High Activity
Masai,M07,06-Jul-23,17,3154,Thursday,July,Weekday,Week 2,Week 27,18,23,13,73,337,356,65,831,207.75,2.38,3425,238%,108611,3935,1251,2217,69,69%,29,25436,25,389145,136573,High Activity
Masai,M07,19-Jun-23,21,3646,Monday,June,Weekday,Week 4,Week 25,18,23,13,26,324,795,8,1153,288.25,1.93,2785,193%,108611,3935,1251,2217,65,65%,17,11602,25,389145,252572,High Activity
Masai,M07,20-Jun-23,17,3897,Tuesday,June,Weekday,Week 4,Week 25,18,23,13,23,321,537,5,886,221.5,1.85,2666,185%,108611,3935,1251,2217,63,63%,17,11436,25,389145,252572,High Activity
Masai,M07,21-Jun-23,18,3759,Wednesday,June,Weekday,Week 4,Week 25,18,23,13,80,303,383,37,803,200.75,2.25,3240,225%,108611,3935,1251,2217,68,68%,23,16975,25,389145,252572,High Activity
Masai,M07,26-Jun-23,17,3342,Monday,June,Weekday,Week 5,Week 26,18,23,13,99,219,501,29,848,212,2.12,3059,212%,108611,3935,1251,2217,62,62%,32,21200,25,389145,252572,High Activity
Masai,M07,27-Jun-23,16,3973,Tuesday,June,Weekday,Week 5,Week 26,18,23,13,134,196,272,144,746,186.5,2.6,3746,260%,108611,3935,1251,2217,68,68%,51,33512,25,389145,252572,High Activity
Masai,M07,28-Jun-23,21,4082,Wednesday,June,Weekday,Week 5,Week 26,18,23,13,95,281,739,30,1145,286.25,2.28,3290,228%,108611,3935,1251,2217,63,63%,35,25190,25,389145,252572,High Activity
Masai,M07,29-Jun-23,18,4130,Thursday,June,Weekday,Week 5,Week 26,18,23,13,45,204,572,34,855,213.75,1.86,2676,186%,108611,3935,1251,2217,59,59%,26,15306,25,389145,252572,High Activity
Masai,M07,30-Jun-23,18,2748,Friday,June,Weekday,Week 5,Week 26,18,23,13,208,204,446,74,932,233,2.73,3935,273%,108611,3935,1251,2217,74,74%,35,32407,25,389145,252572,High Activity
Masai,M08,19-Jun-23,15,2586,Monday,June,Weekday,Week 4,Week 25,18,20,14,38,455,0,41,534,133.5,2.28,3278,228%,104424,4190,1224,2131,76,76%,23,18946,29,376559,366861,High Activity
Masai,M08,20-Jun-23,16,2995,Tuesday,June,Weekday,Week 4,Week 25,18,20,14,92,379,0,80,551,137.75,2.43,3496,243%,104424,4190,1224,2131,75,75%,34,27741,29,376559,366861,High Activity
Masai,M08,21-Jun-23,15,3138,Wednesday,June,Weekday,Week 4,Week 25,18,20,14,51,420,0,83,554,138.5,2.41,3472,241%,104424,4190,1224,2131,75,75%,36,29220,29,376559,366861,High Activity
Masai,M08,22-Jun-23,18,1999,Thursday,June,Weekday,Week 4,Week 25,18,20,14,126,433,0,144,703,175.75,2.91,4190,291%,104424,4190,1224,2131,80,80%,43,40537,29,376559,366861,High Activity
Masai,M08,23-Jun-23,14,1659,Friday,June,Weekday,Week 4,Week 25,18,20,14,163,349,0,71,583,145.75,2.68,3860,268%,104424,4190,1224,2131,78,78%,39,35122,29,376559,366861,High Activity
Masai,M08,26-Jun-23,18,3225,Monday,June,Weekday,Week 5,Week 26,18,20,14,45,402,21,33,501,125.25,2.17,3127,217%,104424,4190,1224,2131,70,70%,29,22095,29,376559,366861,High Activity
Masai,M08,27-Jun-23,15,1988,Tuesday,June,Weekday,Week 5,Week 26,18,20,14,46,382,0,105,533,133.25,2.4,3453,240%,104424,4190,1224,2131,85,85%,28,21110,29,376559,366861,High Activity
Masai,M08,28-Jun-23,20,652,Wednesday,June,Weekday,Week 5,Week 26,18,20,14,19,329,974,26,1348,337,1.83,2639,183%,104424,4190,1224,2131,71,71%,20,13598,29,376559,366861,High Activity
Masai,M08,29-Jun-23,15,1670,Thursday,June,Weekday,Week 5,Week 26,18,20,14,75,303,13,147,538,134.5,2.42,3486,242%,104424,4190,1224,2131,74,74%,34,29356,29,376559,366861,High Activity
Masai,M08,30-Jun-23,16,2524,Friday,June,Weekday,Week 5,Week 26,18,20,14,67,378,0,85,530,132.5,2.33,3350,233%,104424,4190,1224,2131,74,74%,25,23030,29,376559,366861,High Activity
Masai,M09,19-Jun-23,14,1224,Monday,June,Weekday,Week 4,Week 25,18,21,14,78,254,504,35,871,217.75,1.94,2793,194%,91299,4333,744,2174,61,61%,28,18628,33,393079,376553,High Activity
Masai,M09,20-Jun-23,18,4026,Tuesday,June,Weekday,Week 4,Week 25,18,21,14,145,340,319,69,873,218.25,2.63,3790,263%,91299,4333,744,2174,82,82%,32,27279,33,393079,376553,High Activity
Masai,M09,21-Jun-23,20,3523,Wednesday,June,Weekday,Week 4,Week 25,18,21,14,105,350,456,66,977,244.25,2.37,3407,237%,91299,4333,744,2174,74,74%,32,27317,33,393079,376553,High Activity
Masai,M09,22-Jun-23,17,2826,Thursday,June,Weekday,Week 4,Week 25,18,21,14,140,210,600,37,987,246.75,2.14,3088,214%,91299,4333,744,2174,72,72%,37,26019,33,393079,376553,High Activity
Masai,M09,23-Jun-23,19,3452,Friday,June,Weekday,Week 4,Week 25,18,21,14,56,363,474,53,946,236.5,2.16,3114,216%,91299,4333,744,2174,71,71%,29,21368,33,393079,376553,High Activity
Masai,M09,26-Jun-23,18,2754,Monday,June,Weekday,Week 5,Week 26,18,21,14,61,252,327,329,969,242.25,2.9,4182,290%,91299,4333,744,2174,79,79%,55,47042,33,393079,376553,High Activity
Masai,M09,27-Jun-23,17,3895,Tuesday,June,Weekday,Week 5,Week 26,18,21,14,106,308,355,59,828,207,2.41,3473,241%,91299,4333,744,2174,78,78%,38,27984,33,393079,376553,High Activity
Masai,M09,29-Jun-23,16,2765,Thursday,June,Weekday,Week 5,Week 26,18,21,14,31,393,568,38,1030,257.5,2.08,2996,208%,91299,4333,744,2174,74,74%,25,21421,33,393079,376553,High Activity
Masai,M09,30-Jun-23,17,2820,Friday,June,Weekday,Week 5,Week 26,18,21,14,195,296,282,174,947,236.75,3.01,4333,301%,91299,4333,744,2174,90,90%,39,45938,33,393079,376553,High Activity
Masai,M12,26-Jun-23,17,4146,Monday,June,Weekday,Week 5,Week 26,18,23,17,91,270,413,95,869,217.25,2.08,2998,208%,102701,3639,1146,2096,72,72%,37,27823,26,437753,267441,High Activity
Masai,M12,27-Jun-23,20,6035,Tuesday,June,Weekday,Week 5,Week 26,18,23,17,46,313,503,11,873,218.25,1.75,2524,175%,102701,3639,1146,2096,69,69%,28,17910,26,437753,267441,High Activity
Masai,M12,28-Jun-23,19,5269,Wednesday,June,Weekday,Week 5,Week 26,18,23,17,53,229,587,12,881,220.25,1.65,2382,165%,102701,3639,1146,2096,70,70%,22,14387,26,437753,267441,High Activity
Masai,M12,29-Jun-23,22,6889,Thursday,June,Weekday,Week 5,Week 26,18,23,17,62,280,445,15,802,200.5,1.74,2505,174%,102701,3639,1146,2096,69,69%,26,18027,26,437753,267441,High Activity
Masai,M12,30-Jun-23,23,6118,Friday,June,Weekday,Week 5,Week 26,18,23,17,33,321,470,76,900,225,1.94,2796,194%,102701,3639,1146,2096,72,72%,32,23684,26,437753,267441,High Activity
Masai,M12,03-Jul-23,21,4011,Monday,July,Weekday,Week 2,Week 27,18,23,17,87,370,365,84,906,226.5,2.24,3223,224%,102701,3639,1146,2096,77,77%,32,28436,26,437753,170312,High Activity
Masai,M12,04-Jul-23,20,4212,Tuesday,July,Weekday,Week 2,Week 27,18,23,17,13,418,572,5,1008,252,1.72,2471,172%,102701,3639,1146,2096,70,70%,16,12133,26,437753,170312,High Activity
Masai,M12,05-Jul-23,21,5552,Wednesday,July,Weekday,Week 2,Week 27,18,23,17,66,373,343,13,795,198.75,1.81,2602,181%,102701,3639,1146,2096,70,70%,20,16085,26,437753,170312,High Activity
Masai,M12,06-Jul-23,19,3574,Thursday,July,Weekday,Week 2,Week 27,18,23,17,36,386,643,11,1076,269,1.82,2625,182%,102701,3639,1146,2096,71,71%,21,17019,26,437753,170312,High Activity
Urban,U06,26-Jun-23,18,4468,Monday,June,Weekday,Week 5,Week 26,18,22,14,6,439,495,45,985,246.25,1.65,2377,165%,144411,3874,1233,1828,79,79%,28,19885,15,149672,51311,High Activity
Urban,U06,26-Jun-23,18,4468,Monday,June,Weekday,Week 5,Week 26,18,22,14,6,439,495,45,985,246.25,1.86,2679,186%,144411,3874,1233,1828,79,79%,28,19885,15,149672,51311,High Activity
Urban,U06,29-Jun-23,21,161,Thursday,June,Weekday,Week 5,Week 26,18,22,14,6,120,894,18,1038,259.5,2.1,3029,210%,144411,3874,1233,1828,72,72%,19,12665,15,149672,51311,High Activity
Urban,U06,29-Jun-23,21,161,Thursday,June,Weekday,Week 5,Week 26,18,22,14,6,120,894,18,1038,259.5,1.21,1744,121%,144411,3874,1233,1828,72,72%,19,12665,15,149672,51311,High Activity
Urban,U06,30-Jun-23,18,3446,Friday,June,Weekday,Week 5,Week 26,18,22,14,40,236,656,13,945,236.25,1.97,2843,197%,144411,3874,1233,1828,75,75%,16,11916,15,149672,51311,High Activity
Urban,U06,30-Jun-23,18,3446,Friday,June,Weekday,Week 5,Week 26,18,22,14,40,236,656,13,945,236.25,1.51,2176,151%,144411,3874,1233,1828,75,75%,16,11916,15,149672,51311,High Activity
Urban,U06,03-Jul-23,19,3040,Monday,July,Weekday,Week 2,Week 27,18,22,14,11,384,500,35,930,232.5,1.64,2360,164%,144411,3874,1233,1828,78,78%,18,14747,15,149672,98361,High Activity
Urban,U06,04-Jul-23,18,2786,Tuesday,July,Weekday,Week 2,Week 27,18,22,14,28,234,706,74,1042,260.5,1.6,2297,160%,144411,3874,1233,1828,77,77%,27,16581,15,149672,98361,High Activity
Urban,U06,05-Jul-23,18,3469,Wednesday,July,Weekday,Week 2,Week 27,18,22,14,26,327,542,37,932,233,1.6,2298,160%,144411,3874,1233,1828,82,82%,17,12337,15,149672,98361,High Activity
Urban,U08,26-Jun-23,17,2328,Monday,June,Weekday,Week 5,Week 26,18,26,12,3,393,663,74,1133,283.25,1.29,1856,129%,60419,1856,975,1233,81,81%,20,16685,13,123878,58713,High Activity
Urban,U08,27-Jun-23,26,4444,Tuesday,June,Weekday,Week 5,Week 26,18,26,12,3,372,573,69,1017,254.25,1.24,1783,124%,60419,1856,975,1233,83,83%,17,14416,13,123878,58713,High Activity
Urban,U13,26-Jun-23,20,3846,Monday,June,Weekday,Week 5,Week 26,18,20,10,9,330,702,20,1061,265.25,1.76,2528,176%,89589,2719,1498,1828,72,72%,13,10042,10,94710,39402,High Activity
Urban,U15,03-Jul-23,16,2001,Monday,July,Weekday,Week 2,Week 27,18,22,14,62,424,639,16,1141,285.25,2.85,4101,285%,118581,4909,1901,2420,71,71%,16,16744,20,221537,174221,High Activity
Urban,U15,04-Jul-23,18,1691,Tuesday,July,Weekday,Week 2,Week 27,18,22,14,49,442,573,22,1086,271.5,2.67,3842,267%,118581,4909,1901,2420,67,67%,16,15458,20,221537,174221,High Activity
Urban,U15,05-Jul-23,16,1860,Wednesday,July,Weekday,Week 2,Week 27,18,22,14,63,465,577,19,1124,281,2.92,4208,292%,118581,4909,1901,2420,70,70%,19,19807,20,221537,174221,High Activity
Urban,U15,06-Jul-23,15,1351,Thursday,July,Weekday,Week 2,Week 27,18,22,14,38,440,573,32,1083,270.75,2.73,3933,273%,118581,4909,1901,2420,73,73%,19,15810,20,221537,174221,High Activity
Urban,U16,26-Jun-23,20,3986,Monday,June,Weekday,Week 5,Week 26,18,26,16,97,343,533,30,1003,250.75,2.46,3536,246%,97338,3654,996,1909,79,79%,21,21294,15,117727,104304,High Activity
Urban,U16,29-Jun-23,21,3677,Thursday,June,Weekday,Week 5,Week 26,18,26,16,71,306,423,74,874,218.5,2.41,3471,241%,97338,3654,996,1909,81,81%,19,18456,15,117727,104304,High Activity
Urban,U18,26-Jun-23,17,3394,Monday,June,Weekday,Week 5,Week 26,18,32,10,94,252,575,51,972,243,2.9,4181,290%,107824,4181,43,2156,84,84%,15,13220,12,73614,40042,High Activity
Urban,U18,30-Jun-23,17,2425,Friday,June,Weekday,Week 5,Week 26,18,32,10,13,342,550,53,958,239.5,2.69,3880,269%,107824,4181,43,2156,82,82%,11,10214,12,73614,40042,High Activity
Urban,U19,26-Jun-23,18,2655,Monday,June,Weekday,Week 5,Week 26,19,22,14,21,224,610,25,880,220,1.42,2043,142%,87771,3332,30,1755,70,70%,17,10310,18,213827,76517,High Activity
Urban,U19,27-Jun-23,19,4128,Tuesday,June,Weekday,Week 5,Week 26,19,22,14,34,274,618,37,963,240.75,1.63,2350,163%,87771,3332,30,1755,77,77%,15,11653,18,213827,76517,High Activity
Urban,U19,29-Jun-23,22,3616,Thursday,June,Weekday,Week 5,Week 26,19,22,14,74,292,557,29,952,238,1.75,2525,175%,87771,3332,30,1755,79,79%,22,17039,18,213827,76517,High Activity
Urban,U19,30-Jun-23,20,2775,Friday,June,Weekday,Week 5,Week 26,18,22,14,20,354,415,73,862,215.5,1.83,2632,183%,87771,3332,30,1755,81,81%,20,16701,18,213827,76517,High Activity
Urban,U19,04-Jul-23,19,4413,Tuesday,July,Weekday,Week 2,Week 27,18,22,14,69,288,523,13,893,223.25,1.64,2362,164%,87771,3332,30,1755,73,73%,24,15468,18,213827,137310,High Activity
Urban,U19,05-Jul-23,21,4736,Wednesday,July,Weekday,Week 2,Week 27,18,22,14,47,413,429,42,931,232.75,1.86,2672,186%,87771,3332,30,1755,76,76%,24,18902,18,213827,137310,High Activity
Urban,U20,26-Jun-23,19,3292,Monday,June,Weekday,Week 5,Week 26,18,22,8,42,320,660,26,1048,262,2.14,3081,214%,98463,3594,1105,1931,77,77%,18,15130,12,84410,72879,High Activity
Urban,U20,27-Jun-23,19,3103,Tuesday,June,Weekday,Week 5,Week 26,18,22,8,22,353,625,22,1022,255.5,2.06,2969,206%,98463,3594,1105,1931,76,76%,15,12774,12,84410,72879,High Activity
Urban,U20,28-Jun-23,20,2962,Wednesday,June,Weekday,Week 5,Week 26,18,22,8,51,393,531,64,1039,259.75,2.5,3594,250%,98463,3594,1105,1931,80,80%,19,17311,12,84410,72879,High Activity
Masai,M02,24-Jun-23,18,3814,Saturday,June,Weekend,Week 4,Week 25,17,21,12,4,196,556,87,843,210.75,1.31,1883,131%,76364,2193,932,1558,86,86%,22,13585,19,265649,161431,High Activity
Masai,M02,01-Jul-23,13,2656,Saturday,July,Weekend,Week 1,Week 26,17,21,12,1,265,543,55,864,216,1.31,1883,131%,76364,2193,932,1558,88,88%,25,13632,19,265649,104218,High Activity
Masai,M04,17-Jun-23,18,926,Saturday,June,Weekend,Week 3,Week 24,17,19,12,37,240,972,13,1262,315.5,1.67,2405,167%,97919,3654,1176,1998,69,69%,20,12116,25,316736,304869,High Activity
Masai,M04,24-Jun-23,19,2655,Saturday,June,Weekend,Week 4,Week 25,17,19,12,47,309,563,26,945,236.25,1.91,2749,191%,97919,3654,1176,1998,68,68%,22,16915,25,316736,304869,High Activity
Masai,M05,24-Jun-23,18,3478,Saturday,June,Weekend,Week 4,Week 25,17,21,12,214,115,517,66,912,228,2.49,3584,249%,100209,3658,1256,2045,83,83%,65,30481,27,280408,157389,High Activity
Masai,M06,24-Jun-23,14,2414,Saturday,June,Weekend,Week 4,Week 25,17,22,13,137,260,455,79,931,232.75,2.54,3658,254%,119423,4438,1320,2437,71,71%,36,28010,23,455488,285407,High Activity
Masai,M12,08-Jul-23,22,4070,Saturday,July,Weekend,Week 2,Week 27,17,23,17,60,127,724,37,948,237,1.53,2201,153%,102701,3639,1146,2096,73,73%,42,14387,26,437753,170312,High Activity
Masai,M13,24-Jun-23,20,3934,Saturday,June,Weekend,Week 4,Week 25,17,22,15,77,281,543,47,948,237,1.97,2830,197%,103076,3821,1210,2104,67,67%,30,21531,22,374369,275785,High Activity
Masai,M13,01-Jul-23,20,3697,Saturday,July,Weekend,Week 1,Week 26,17,22,15,65,273,814,57,1209,302.25,1.96,2823,196%,103076,3821,1210,2104,70,70%,30,20746,22,374369,98584,High Activity
Masai,M14,24-Jun-23,19,2106,Saturday,June,Weekend,Week 4,Week 25,17,20,15,78,276,622,34,1010,252.5,2.11,3045,211%,110144,4643,1291,2248,70,70%,25,19213,22,395377,273356,High Activity
Masai,M14,01-Jul-23,19,2803,Saturday,July,Weekend,Week 1,Week 26,17,20,15,89,224,649,5,967,241.75,1.94,2787,194%,110144,4643,1291,2248,64,64%,21,14804,22,395377,122021,High Activity
Masai,M14,08-Jul-23,17,750,Saturday,July,Weekend,Week 2,Week 27,17,20,15,59,144,1137,31,1371,342.75,1.75,2517,175%,110144,4643,1291,2248,77,77%,32,12158,22,395377,122021,High Activity
Masai,M18,01-Jul-23,17,2964,Saturday,July,Weekend,Week 1,Week 26,17,22,16,117,228,774,40,1159,289.75,2.2,3166,220%,103457,3337,1308,2111,79,79%,23,21866,20,305096,85997,High Activity
Urban,U09,01-Jul-23,16,3248,Saturday,July,Weekend,Week 1,Week 26,17,22,16,41,342,407,129,919,229.75,2,2884,200%,87480,3330,1339,1785,83,83%,25,21773,21,267929,184049,High Activity
Urban,U09,02-Jul-23,20,4067,Sunday,July,Weekend,Week 1,Week 26,17,22,16,16,373,522,34,945,236.25,1.67,2404,167%,87480,3330,1339,1785,75,75%,21,15599,21,267929,184049,High Activity
Urban,U09,08-Jul-23,16,3189,Saturday,July,Weekend,Week 2,Week 27,17,22,16,39,350,412,123,924,231,1.98,2851,198%,87480,3330,1339,1785,84,84%,26,21387,21,267929,184049,High Activity
Urban,U09,09-Jul-23,19,2826,Sunday,July,Weekend,Week 2,Week 27,17,22,16,47,369,346,34,796,199,1.85,2475,185%,87480,3330,1339,1785,84,84%,26,19375,21,267929,184049,High Activity
Urban,U16,01-Jul-23,24,1623,Saturday,July,Weekend,Week 1,Week 26,17,26,16,44,261,539,20,864,216,1.98,2855,198%,97338,3654,996,1909,79,79%,25,13390,15,117727,13423,High Activity
Urban,U20,01-Jul-23,17,2380,Saturday,July,Weekend,Week 1,Week 26,17,22,8,18,284,853,19,1174,293.5,1.91,2754,191%,98463,3594,1105,1931,77,77%,24,11531,12,84410,11531,High Activity
Masai,M02,19-Jun-23,18,3316,Monday,June,Weekday,Week 4,Week 25,17,21,12,14,325,541,56,936,234,1.44,2080,144%,76364,2193,932,1558,89,89%,13,11721,19,265649,161431,High Activity
Masai,M02,20-Jun-23,15,1978,Tuesday,June,Weekday,Week 4,Week 25,17,21,12,11,344,557,59,971,242.75,1.45,2085,145%,76364,2193,932,1558,89,89%,11,11770,19,265649,161431,High Activity
Masai,M02,21-Jun-23,17,2794,Wednesday,June,Weekday,Week 4,Week 25,17,21,12,8,379,673,71,1131,282.75,1.52,2193,152%,76364,2193,932,1558,89,89%,16,14013,19,265649,161431,High Activity
Masai,M02,22-Jun-23,18,4127,Thursday,June,Weekday,Week 4,Week 25,17,21,12,1,401,379,49,830,207.5,1.5,2163,150%,76364,2193,932,1558,85,85%,21,15594,19,265649,161431,High Activity
Masai,M02,23-Jun-23,17,3261,Friday,June,Weekday,Week 4,Week 25,17,21,12,2,341,564,59,966,241.5,1.46,2097,146%,76364,2193,932,1558,86,86%,17,13907,19,265649,161431,High Activity
Masai,M02,26-Jun-23,13,2856,Monday,June,Weekday,Week 5,Week 26,17,21,12,1,273,498,25,797,199.25,1.23,1764,123%,76364,2193,932,1558,85,85%,20,10586,19,265649,161431,High Activity
Masai,M02,27-Jun-23,15,3623,Tuesday,June,Weekday,Week 5,Week 26,17,21,12,0,289,426,33,748,187,1.26,1813,126%,76364,2193,932,1558,86,86%,20,11628,19,265649,161431,High Activity
Masai,M02,05-Jul-23,15,2459,Wednesday,July,Weekday,Week 2,Week 27,17,21,12,0,329,592,31,952,238,1.37,1967,137%,76364,2193,932,1558,87,87%,21,15008,19,265649,104218,High Activity
Masai,M02,06-Jul-23,14,2503,Thursday,July,Weekday,Week 2,Week 27,17,21,12,1,203,612,122,938,234.5,1.38,1981,138%,76364,2193,932,1558,91,91%,26,16842,19,265649,104218,High Activity
Masai,M04,19-Jun-23,17,2398,Monday,June,Weekday,Week 4,Week 25,17,19,12,75,317,614,29,1035,258.75,2.14,3077,214%,97919,3654,1176,1998,73,73%,25,20975,25,316736,304869,High Activity
Masai,M04,20-Jun-23,16,2726,Tuesday,June,Weekday,Week 4,Week 25,17,19,12,92,271,567,58,988,247,2.22,3196,222%,97919,3654,1176,1998,75,75%,26,22221,25,316736,304869,High Activity
Masai,M04,21-Jun-23,17,3239,Wednesday,June,Weekday,Week 4,Week 25,17,19,12,79,377,557,37,1050,262.5,2.29,3302,229%,97919,3654,1176,1998,73,73%,29,25147,25,316736,304869,High Activity
Masai,M04,22-Jun-23,15,2081,Thursday,June,Weekday,Week 4,Week 25,17,19,12,109,270,490,69,938,234.5,2.34,3370,234%,97919,3654,1176,1998,78,78%,20,18247,25,316736,304869,High Activity
Masai,M04,23-Jun-23,16,2408,Friday,June,Weekday,Week 4,Week 25,17,19,12,161,251,568,48,1028,257,2.54,3654,254%,97919,3654,1176,1998,79,79%,31,26553,25,316736,304869,High Activity
Masai,M04,26-Jun-23,19,2614,Monday,June,Weekday,Week 5,Week 26,17,19,12,99,288,511,83,981,245.25,2.32,3344,232%,97919,3654,1176,1998,73,73%,33,28510,25,316736,304869,High Activity
Masai,M04,27-Jun-23,18,912,Tuesday,June,Weekday,Week 5,Week 26,17,19,12,37,497,689,87,1310,327.5,2.35,3380,235%,97919,3654,1176,1998,72,72%,26,27215,25,316736,304869,High Activity
Masai,M04,30-Jun-23,15,1714,Friday,June,Weekday,Week 5,Week 26,17,19,12,138,234,496,82,950,237.5,2.25,3243,225%,97919,3654,1176,1998,72,72%,36,29279,25,316736,304869,High Activity
Masai,M05,19-Jun-23,18,2515,Monday,June,Weekday,Week 4,Week 25,17,21,12,69,308,551,47,975,243.75,2.28,3276,228%,100209,3658,1256,2045,73,73%,21,18750,27,280408,157389,High Activity
Masai,M05,20-Jun-23,16,4082,Tuesday,June,Weekday,Week 4,Week 25,17,21,12,39,251,732,13,1035,258.75,1.87,2690,187%,100209,3658,1256,2045,66,66%,21,12156,27,280408,157389,High Activity
Masai,M05,21-Jun-23,16,3587,Wednesday,June,Weekday,Week 4,Week 25,17,21,12,68,391,348,73,880,220,2.54,3658,254%,100209,3658,1256,2045,73,73%,30,25782,27,280408,157389,High Activity
Masai,M05,22-Jun-23,14,3809,Thursday,June,Weekday,Week 4,Week 25,17,21,12,30,301,401,33,765,191.25,2.07,2976,207%,100209,3658,1256,2045,69,69%,24,16289,27,280408,157389,High Activity
Masai,M05,23-Jun-23,16,3671,Friday,June,Weekday,Week 4,Week 25,17,21,12,151,229,518,60,958,239.5,2.48,3572,248%,100209,3658,1256,2045,71,71%,36,27964,27,280408,157389,High Activity
Masai,M05,03-Jul-23,13,2456,Monday,July,Weekday,Week 2,Week 27,17,21,12,33,278,557,71,939,234.75,2.08,2995,208%,100209,3658,1256,2045,72,72%,23,17356,27,280408,123019,High Activity
Masai,M05,04-Jul-23,19,3032,Tuesday,July,Weekday,Week 2,Week 27,17,21,12,25,418,490,60,993,248.25,2.37,3412,237%,100209,3658,1256,2045,75,75%,24,21855,27,280408,123019,High Activity
Masai,M05,05-Jul-23,15,2653,Wednesday,July,Weekday,Week 2,Week 27,17,21,12,83,334,532,103,1052,263,2.51,3614,251%,100209,3658,1256,2045,75,75%,34,28751,27,280408,123019,High Activity
Masai,M05,06-Jul-23,18,3289,Thursday,July,Weekday,Week 2,Week 27,17,21,12,51,340,493,112,996,249,2.41,3474,241%,100209,3658,1256,2045,79,79%,31,23088,27,280408,123019,High Activity
Masai,M06,19-Jun-23,13,1437,Monday,June,Weekday,Week 4,Week 25,17,22,13,25,407,804,8,1244,311,2.17,3121,217%,119423,4438,1320,2437,69,69%,14,12381,23,455488,285407,High Activity
Masai,M06,20-Jun-23,15,2663,Tuesday,June,Weekday,Week 4,Week 25,17,22,13,48,380,520,27,975,243.75,2.24,3230,224%,119423,4438,1320,2437,70,70%,16,15638,23,455488,285407,High Activity
Masai,M06,21-Jun-23,14,1661,Wednesday,June,Weekday,Week 4,Week 25,17,22,13,82,377,652,71,1182,295.5,2.61,3764,261%,119423,4438,1320,2437,74,74%,27,23977,23,455488,285407,High Activity
Masai,M06,22-Jun-23,15,2717,Thursday,June,Weekday,Week 4,Week 25,17,22,13,44,330,536,30,940,235,2.1,3031,210%,119423,4438,1320,2437,68,68%,17,13375,23,455488,285407,High Activity
Masai,M06,23-Jun-23,15,2362,Friday,June,Weekday,Week 4,Week 25,17,22,13,84,302,511,30,927,231.75,2.35,3380,235%,119423,4438,1320,2437,74,74%,19,17412,23,455488,285407,High Activity
Masai,M06,26-Jun-23,16,2488,Monday,June,Weekday,Week 5,Week 26,17,22,13,85,390,366,71,912,228,2.65,3815,265%,119423,4438,1320,2437,71,71%,36,29423,23,455488,285407,High Activity
Masai,M06,27-Jun-23,16,2539,Tuesday,June,Weekday,Week 5,Week 26,17,22,13,85,360,451,83,979,244.75,2.56,3693,256%,119423,4438,1320,2437,73,73%,30,28074,23,455488,285407,High Activity
Masai,M06,28-Jun-23,15,3117,Wednesday,June,Weekday,Week 5,Week 26,17,22,13,33,312,651,32,1028,257,2.09,3010,209%,119423,4438,1320,2437,68,68%,24,16191,23,455488,285407,High Activity
Masai,M12,07-Jul-23,19,5065,Friday,July,Weekday,Week 2,Week 27,17,23,17,47,341,562,13,963,240.75,1.73,2495,173%,102701,3639,1146,2096,67,67%,20,15170,26,437753,170312,High Activity
Masai,M13,21-Jun-23,19,2326,Wednesday,June,Weekday,Week 4,Week 25,17,22,15,128,453,331,87,999,249.75,2.65,3821,265%,103076,3821,1210,2104,80,80%,36,38910,22,374369,275785,High Activity
Masai,M13,22-Jun-23,16,2670,Thursday,June,Weekday,Week 4,Week 25,17,22,15,67,357,749,67,1240,310,2.1,3030,210%,103076,3821,1210,2104,70,70%,30,18498,22,374369,275785,High Activity
Masai,M13,23-Jun-23,22,4816,Friday,June,Weekday,Week 4,Week 25,17,22,15,118,334,274,65,791,197.75,2.35,3380,235%,103076,3821,1210,2104,72,72%,43,32028,22,374369,275785,High Activity
Masai,M13,26-Jun-23,17,2843,Monday,June,Weekday,Week 5,Week 26,17,22,15,9,269,631,27,936,234,1.68,2416,168%,103076,3821,1210,2104,67,67%,21,12977,22,374369,275785,High Activity
Masai,M13,27-Jun-23,17,2824,Tuesday,June,Weekday,Week 5,Week 26,17,22,15,49,292,673,32,1046,261.5,1.82,2627,182%,103076,3821,1210,2104,71,71%,19,15841,22,374369,275785,High Activity
Masai,M13,29-Jun-23,18,2493,Thursday,June,Weekday,Week 5,Week 26,17,22,15,102,246,562,83,993,248.25,2.14,3075,214%,103076,3821,1210,2104,72,72%,35,26942,22,374369,275785,High Activity
Masai,M13,30-Jun-23,22,4639,Friday,June,Weekday,Week 5,Week 26,17,22,15,80,343,542,23,988,247,1.96,2823,196%,103076,3821,1210,2104,72,72%,20,17786,22,374369,275785,High Activity
Masai,M13,03-Jul-23,19,4279,Monday,July,Weekday,Week 2,Week 27,17,22,15,60,355,449,55,919,229.75,2.07,2982,207%,103076,3821,1210,2104,75,75%,24,20264,22,374369,98584,High Activity
Masai,M13,04-Jul-23,17,4057,Tuesday,July,Weekday,Week 2,Week 27,17,22,15,0,439,580,0,1019,254.75,1.75,2516,175%,103076,3821,1210,2104,71,71%,11,10032,22,374369,98584,High Activity
Masai,M14,19-Jun-23,19,3964,Monday,June,Weekday,Week 4,Week 25,17,20,15,23,238,408,1,670,167.5,1.63,2349,163%,110144,4643,1291,2248,63,63%,16,10007,22,395377,273356,High Activity
Masai,M14,20-Jun-23,19,3682,Tuesday,June,Weekday,Week 4,Week 25,17,20,15,52,264,509,10,835,208.75,1.86,2684,186%,110144,4643,1291,2248,69,69%,20,14249,22,395377,273356,High Activity
Masai,M14,21-Jun-23,18,2657,Wednesday,June,Weekday,Week 4,Week 25,17,20,15,101,450,283,59,893,223.25,2.68,3859,268%,110144,4643,1291,2248,79,79%,28,25943,22,395377,273356,High Activity
Masai,M14,22-Jun-23,17,2717,Thursday,June,Weekday,Week 4,Week 25,17,20,15,84,289,387,123,883,220.75,2.34,3375,234%,110144,4643,1291,2248,72,72%,33,26378,22,395377,273356,High Activity
Masai,M14,23-Jun-23,17,2051,Friday,June,Weekday,Week 4,Week 25,17,20,15,51,208,563,51,873,218.25,1.8,2591,180%,110144,4643,1291,2248,64,64%,20,13688,22,395377,273356,High Activity
Masai,M14,26-Jun-23,15,1973,Monday,June,Weekday,Week 5,Week 26,17,20,15,77,270,509,18,874,218.5,1.99,2867,199%,110144,4643,1291,2248,63,63%,20,16475,22,395377,273356,High Activity
Masai,M14,27-Jun-23,17,2281,Tuesday,June,Weekday,Week 5,Week 26,17,20,15,72,283,461,56,872,218,2.21,3179,221%,110144,4643,1291,2248,70,70%,19,19524,22,395377,273356,High Activity
Masai,M14,29-Jun-23,17,3683,Thursday,June,Weekday,Week 5,Week 26,17,20,15,29,226,488,34,777,194.25,1.79,2579,179%,110144,4643,1291,2248,63,63%,16,12191,22,395377,273356,High Activity
Masai,M14,30-Jun-23,17,2191,Friday,June,Weekday,Week 5,Week 26,17,20,15,285,313,233,62,893,223.25,3.22,4643,322%,110144,4643,1291,2248,78,78%,48,45580,22,395377,273356,High Activity
Masai,M14,04-Jul-23,16,3628,Tuesday,July,Weekday,Week 2,Week 27,17,20,15,108,126,595,40,869,217.25,1.94,2792,194%,110144,4643,1291,2248,60,60%,34,16766,22,395377,122021,High Activity
Masai,M14,05-Jul-23,18,3255,Wednesday,July,Weekday,Week 2,Week 27,17,20,15,84,387,350,46,867,216.75,2.43,3505,243%,110144,4643,1291,2248,72,72%,25,22593,22,395377,122021,High Activity
Masai,M14,06-Jul-23,20,3565,Thursday,July,Weekday,Week 2,Week 27,17,20,15,98,219,504,67,888,222,2.15,3098,215%,110144,4643,1291,2248,66,66%,31,21877,22,395377,122021,High Activity
Masai,M14,07-Jul-23,19,2027,Friday,July,Weekday,Week 2,Week 27,17,20,15,16,363,374,31,784,196,2.03,2924,203%,110144,4643,1291,2248,69,69%,14,14654,22,395377,122021,High Activity
Masai,M18,19-Jun-23,20,5316,Monday,June,Weekday,Week 4,Week 25,17,22,16,57,269,414,70,810,202.5,2.08,2990,208%,103457,3337,1308,2111,72,72%,30,21239,20,305096,219099,High Activity
Masai,M18,20-Jun-23,18,3064,Tuesday,June,Weekday,Week 4,Week 25,17,22,16,114,215,628,61,1018,254.5,2.11,3043,211%,103457,3337,1308,2111,71,71%,39,24778,20,305096,219099,High Activity
Masai,M18,21-Jun-23,20,3504,Wednesday,June,Weekday,Week 4,Week 25,17,22,16,48,344,558,26,976,244,2.11,3037,211%,103457,3337,1308,2111,79,79%,19,15997,20,305096,219099,High Activity
Masai,M18,22-Jun-23,18,2909,Thursday,June,Weekday,Week 4,Week 25,17,22,16,51,131,918,29,1129,282.25,1.66,2384,166%,103457,3337,1308,2111,67,67%,22,12192,20,305096,219099,High Activity
Masai,M18,26-Jun-23,19,4591,Monday,June,Weekday,Week 5,Week 26,17,22,16,63,184,592,34,873,218.25,1.81,2609,181%,103457,3337,1308,2111,67,67%,26,15356,20,305096,219099,High Activity
Masai,M18,27-Jun-23,17,3206,Tuesday,June,Weekday,Week 5,Week 26,17,22,16,147,224,687,50,1108,277,2.29,3301,229%,103457,3337,1308,2111,72,72%,34,24000,20,305096,219099,High Activity
Masai,M18,28-Jun-23,18,4195,Wednesday,June,Weekday,Week 5,Week 26,17,22,16,173,158,364,60,755,188.75,2.24,3229,224%,103457,3337,1308,2111,72,72%,35,24799,20,305096,219099,High Activity
Masai,M18,05-Jul-23,19,3510,Wednesday,July,Weekday,Week 2,Week 27,17,22,16,9,285,683,41,1018,254.5,1.82,2622,182%,103457,3337,1308,2111,64,64%,31,15931,20,305096,85997,High Activity
Urban,U08,06-Jul-23,20,3636,Thursday,July,Weekday,Week 2,Week 27,17,26,12,12,332,620,74,1038,259.5,1.23,1775,123%,60419,1856,975,1233,84,84%,22,16228,13,123878,65165,High Activity
Urban,U09,27-Jun-23,19,5321,Tuesday,June,Weekday,Week 5,Week 26,17,22,16,70,354,309,100,833,208.25,2.05,2950,205%,87480,3330,1339,1785,77,77%,36,26120,21,267929,83880,High Activity
Urban,U09,28-Jun-23,21,3422,Wednesday,June,Weekday,Week 5,Week 26,17,22,16,39,364,444,20,867,216.75,1.67,2412,167%,87480,3330,1339,1785,75,75%,18,14730,21,267929,83880,High Activity
Urban,U09,29-Jun-23,17,4233,Thursday,June,Weekday,Week 5,Week 26,17,22,16,28,314,515,11,868,217,1.54,2220,154%,87480,3330,1339,1785,75,75%,19,12533,21,267929,83880,High Activity
Urban,U09,30-Jun-23,20,5023,Friday,June,Weekday,Week 5,Week 26,17,22,16,4,343,496,66,909,227.25,1.67,2410,167%,87480,3330,1339,1785,76,76%,23,16586,21,267929,83880,High Activity
Urban,U09,03-Jul-23,20,4209,Monday,July,Weekday,Week 2,Week 27,17,22,16,28,312,454,33,827,206.75,1.65,2379,165%,87480,3330,1339,1785,78,78%,24,16410,21,267929,184049,High Activity
Urban,U09,04-Jul-23,18,4028,Tuesday,July,Weekday,Week 2,Week 27,17,22,16,78,362,309,153,902,225.5,2.27,3267,227%,87480,3330,1339,1785,84,84%,35,30261,21,267929,184049,High Activity
Urban,U09,05-Jul-23,19,3893,Wednesday,July,Weekday,Week 2,Week 27,17,22,16,47,383,448,58,936,234,1.89,2720,189%,87480,3330,1339,1785,80,80%,27,21329,21,267929,184049,High Activity
Urban,U09,06-Jul-23,16,3323,Thursday,July,Weekday,Week 2,Week 27,17,22,16,34,500,201,152,887,221.75,2.31,3330,231%,87480,3330,1339,1785,85,85%,31,27380,21,267929,184049,High Activity
Urban,U09,07-Jul-23,17,4074,Friday,July,Weekday,Week 2,Week 27,17,22,16,0,343,485,14,842,210.5,1.51,2176,151%,87480,3330,1339,1785,76,76%,16,10535,21,267929,184049,High Activity
Urban,U10,28-Jun-23,17,2190,Wednesday,June,Weekday,Week 5,Week 26,17,21,15,14,307,755,21,1097,274.25,1.96,2821,196%,101232,2900,1574,2066,73,73%,15,10318,9,94913,82398,High Activity
Urban,U12,27-Jun-23,20,1941,Tuesday,June,Weekday,Week 5,Week 26,17,20,12,43,306,771,39,1159,289.75,2.13,3062,213%,86536,3062,1539,1766,82,82%,12,13632,7,42340,40430,High Activity
Urban,U13,04-Jul-23,20,3307,Tuesday,July,Weekday,Week 2,Week 27,17,20,10,8,339,798,23,1168,292,1.89,2719,189%,89589,2719,1498,1828,76,76%,19,14221,10,94710,55308,High Activity
Urban,U14,26-Jun-23,15,2274,Monday,June,Weekday,Week 5,Week 26,17,16,13,38,208,534,49,829,207.25,2.01,2899,201%,96791,3360,1048,1898,73,73%,23,12482,18,83247,73821,High Activity
Urban,U14,27-Jun-23,15,2016,Tuesday,June,Weekday,Week 5,Week 26,17,16,13,96,227,606,41,970,242.5,2.33,3360,233%,96791,3360,1048,1898,79,79%,26,18924,18,83247,73821,High Activity
Urban,U16,30-Jun-23,23,3951,Friday,June,Weekday,Week 5,Week 26,17,26,16,84,401,419,42,946,236.5,2.54,3654,254%,97338,3654,996,1909,75,75%,27,23690,15,117727,104304,High Activity
Urban,U17,30-Jun-23,18,2622,Friday,June,Weekday,Week 5,Week 26,17,19,12,85,342,462,57,946,236.5,2.65,3822,265%,97952,3822,2,1959,86,86%,15,15609,14,77340,47852,High Activity
Urban,U19,06-Jul-23,19,3751,Thursday,July,Weekday,Week 2,Week 27,17,22,14,78,365,262,79,784,196,1.98,2846,198%,87771,3332,30,1755,82,82%,31,23542,18,213827,137310,High Activity
Masai,M03,19-Jun-23,14,3138,Monday,June,Weekday,Week 4,Week 25,17,21,14,27,262,576,30,895,223.75,1.43,2052,143%,84689,2521,942,1728,71,71%,13,10141,16,322262,191282,High Activity
Masai,M03,20-Jun-23,19,3151,Tuesday,June,Weekday,Week 4,Week 25,17,21,14,26,379,756,4,1165,291.25,1.57,2264,157%,84689,2521,942,1728,72,72%,14,13152,16,322262,191282,High Activity
Masai,M03,21-Jun-23,14,2235,Wednesday,June,Weekday,Week 4,Week 25,17,21,14,41,341,692,19,1093,273.25,1.61,2320,161%,84689,2521,942,1728,75,75%,15,14525,16,322262,191282,High Activity
Masai,M03,22-Jun-23,19,4576,Thursday,June,Weekday,Week 4,Week 25,17,21,14,28,386,516,18,948,237,1.66,2394,166%,84689,2521,942,1728,78,78%,14,13956,16,322262,191282,High Activity
Masai,M03,23-Jun-23,14,2934,Friday,June,Weekday,Week 4,Week 25,17,21,14,20,397,550,40,1007,251.75,1.7,2450,170%,84689,2521,942,1728,79,79%,15,15110,16,322262,191282,High Activity
Masai,M03,24-Jun-23,15,2736,Saturday,June,Weekend,Week 4,Week 25,17,21,14,49,398,497,51,995,248.75,1.75,2521,175%,84689,2521,942,1728,82,82%,20,18077,16,322262,191282,High Activity
Masai,M03,27-Jun-23,20,4580,Tuesday,June,Weekday,Week 5,Week 26,17,21,14,8,386,540,21,955,238.75,1.5,2155,150%,84689,2521,942,1728,87,87%,15,12801,16,322262,191282,High Activity
Masai,M03,28-Jun-23,19,2984,Wednesday,June,Weekday,Week 5,Week 26,17,21,14,10,452,356,40,858,214.5,1.66,2393,166%,84689,2521,942,1728,91,91%,17,16165,16,322262,191282,High Activity
Masai,M03,29-Jun-23,14,971,Thursday,June,Weekday,Week 5,Week 26,17,21,14,7,336,971,24,1338,334.5,1.44,2074,144%,84689,2521,942,1728,94,94%,16,10856,16,322262,191282,High Activity
Masai,M03,30-Jun-23,15,2650,Friday,June,Weekday,Week 5,Week 26,17,21,14,16,478,433,40,967,241.75,1.68,2416,168%,84689,2521,942,1728,91,91%,16,15452,16,322262,191282,High Activity
Masai,M03,01-Jul-23,16,3522,Saturday,July,Weekend,Week 1,Week 26,17,21,14,9,456,487,25,977,244.25,1.59,2293,159%,84689,2521,942,1728,89,89%,20,17202,16,322262,130980,High Activity
Masai,M03,03-Jul-23,15,2289,Monday,July,Weekday,Week 2,Week 27,17,21,14,10,389,605,17,1021,255.25,1.47,2122,147%,84689,2521,942,1728,90,90%,19,15120,16,322262,130980,High Activity
Masai,M03,04-Jul-23,18,3221,Tuesday,July,Weekday,Week 2,Week 27,17,21,14,5,351,542,56,954,238.5,1.46,2101,146%,84689,2521,942,1728,88,88%,20,15578,16,322262,130980,High Activity
Masai,M03,05-Jul-23,16,3480,Wednesday,July,Weekday,Week 2,Week 27,17,21,14,8,404,520,48,980,245,1.56,2246,156%,84689,2521,942,1728,91,91%,23,18785,16,322262,130980,High Activity
Masai,M03,06-Jul-23,19,4196,Thursday,July,Weekday,Week 2,Week 27,17,21,14,9,441,420,53,923,230.75,1.62,2333,162%,84689,2521,942,1728,91,91%,23,19339,16,322262,130980,High Activity
Masai,M03,07-Jul-23,18,3390,Friday,July,Weekday,Week 2,Week 27,17,21,14,9,457,346,43,855,213.75,1.6,2300,160%,84689,2521,942,1728,88,88%,21,19480,16,322262,130980,High Activity
Masai,M03,08-Jul-23,15,2036,Saturday,July,Weekend,Week 2,Week 27,17,21,14,2,231,887,35,1155,288.75,1.24,1786,124%,84689,2521,942,1728,89,89%,25,10213,16,322262,130980,High Activity
Masai,M10,19-Jun-23,16,2870,Monday,June,Weekday,Week 4,Week 25,18,22,13,115,219,658,62,1054,263.5,2.23,3205,223%,114882,4648,1272,2345,73,73%,29,20429,25,482588,312863,High Activity
Masai,M10,21-Jun-23,18,3758,Wednesday,June,Weekday,Week 4,Week 25,18,22,13,13,255,655,99,1022,255.5,2.02,2902,202%,114882,4648,1272,2345,71,71%,26,18522,25,482588,312863,High Activity
Masai,M10,22-Jun-23,19,3644,Thursday,June,Weekday,Week 4,Week 25,18,22,13,41,149,1001,18,1209,302.25,1.62,2335,162%,114882,4648,1272,2345,68,68%,20,10241,25,482588,312863,High Activity
Masai,M10,23-Jun-23,17,2588,Friday,June,Weekday,Week 4,Week 25,18,22,13,88,327,530,77,1022,255.5,2.42,3488,242%,114882,4648,1272,2345,76,76%,27,23533,25,482588,312863,High Activity
Masai,M10,24-Jun-23,19,2146,Saturday,June,Weekend,Week 4,Week 25,18,22,13,246,168,508,88,1010,252.5,2.76,3971,276%,114882,4648,1272,2345,81,81%,41,37048,25,482588,312863,High Activity
Masai,M10,26-Jun-23,17,2487,Monday,June,Weekday,Week 5,Week 26,18,22,13,181,183,447,289,1100,275,3.23,4648,323%,114882,4648,1272,2345,82,82%,46,46274,25,482588,312863,High Activity
Masai,M10,27-Jun-23,19,3735,Tuesday,June,Weekday,Week 5,Week 26,18,22,13,112,242,476,62,892,223,2.38,3433,238%,114882,4648,1272,2345,81,81%,28,20278,25,482588,312863,High Activity
Masai,M10,28-Jun-23,16,3395,Wednesday,June,Weekday,Week 5,Week 26,18,22,13,137,221,228,85,671,167.75,2.46,3549,246%,114882,4648,1272,2345,82,82%,25,23038,25,482588,312863,High Activity
Masai,M10,30-Jun-23,18,2426,Friday,June,Weekday,Week 5,Week 26,18,22,13,104,149,495,176,924,231,2.51,3611,251%,114882,4648,1272,2345,91,91%,33,30808,25,482588,312863,High Activity
Masai,M10,01-Jul-23,18,3331,Saturday,July,Weekend,Week 1,Week 26,18,22,13,42,208,423,273,946,236.5,2.76,3978,276%,114882,4648,1272,2345,90,90%,37,36904,25,482588,169725,High Activity
Masai,M10,03-Jul-23,17,3064,Monday,July,Weekday,Week 2,Week 27,18,22,13,12,219,608,161,1000,250,2.17,3121,217%,114882,4648,1272,2345,84,84%,25,22392,25,482588,169725,High Activity
Masai,M10,04-Jul-23,13,1803,Tuesday,July,Weekday,Week 2,Week 27,18,22,13,30,184,712,147,1073,268.25,2.12,3056,212%,114882,4648,1272,2345,79,79%,28,21921,25,482588,169725,High Activity
Masai,M10,05-Jul-23,18,2144,Wednesday,July,Weekday,Week 2,Week 27,18,22,13,2,259,745,60,1066,266.5,1.86,2679,186%,114882,4648,1272,2345,76,76%,17,15079,25,482588,169725,High Activity
Masai,M10,06-Jul-23,16,2288,Thursday,July,Weekday,Week 2,Week 27,18,22,13,55,248,769,130,1202,300.5,2.31,3326,231%,114882,4648,1272,2345,82,82%,29,23424,25,482588,169725,High Activity
Masai,M10,07-Jul-23,19,2887,Friday,July,Weekday,Week 2,Week 27,18,22,13,16,167,670,106,959,239.75,1.93,2779,193%,114882,4648,1272,2345,81,81%,20,17630,25,482588,169725,High Activity
Masai,M10,08-Jul-23,22,1918,Saturday,July,Weekend,Week 2,Week 27,18,22,13,52,120,954,87,1213,303.25,1.86,2681,186%,114882,4648,1272,2345,85,85%,45,17517,25,482588,169725,High Activity
Masai,M11,17-Jun-23,4,7,Saturday,June,Weekend,Week 3,Week 24,18,24,4,97,223,897,22,1239,309.75,2.11,3042,211%,121229,4874,1287,2474,102,102%,36,20656,29,597404,419530,High Activity
Masai,M11,20-Jun-23,17,3887,Tuesday,June,Weekday,Week 4,Week 25,18,24,4,26,247,472,77,822,205.5,2.03,2918,203%,121229,4874,1287,2474,73,73%,30,20059,29,597404,419530,High Activity
Masai,M11,21-Jun-23,18,1965,Wednesday,June,Weekday,Week 4,Week 25,18,24,4,221,254,479,89,1043,260.75,2.87,4133,287%,121229,4874,1287,2474,79,79%,43,42149,29,597404,419530,High Activity
Masai,M11,23-Jun-23,15,2033,Friday,June,Weekday,Week 4,Week 25,18,24,4,170,306,530,67,1073,268.25,2.67,3839,267%,121229,4874,1287,2474,78,78%,40,35203,29,597404,419530,High Activity
Masai,M11,24-Jun-23,23,2953,Saturday,June,Weekend,Week 4,Week 25,18,24,4,224,260,683,28,1195,298.75,2.68,3865,268%,121229,4874,1287,2474,80,80%,42,34685,29,597404,419530,High Activity
Masai,M11,26-Jun-23,17,2731,Monday,June,Weekday,Week 5,Week 26,18,24,4,154,257,242,305,958,239.5,3.27,4714,327%,121229,4874,1287,2474,83,83%,48,49389,29,597404,419530,High Activity
Masai,M11,27-Jun-23,18,3914,Tuesday,June,Weekday,Week 5,Week 26,18,24,4,106,300,501,101,1008,252,2.55,3676,255%,121229,4874,1287,2474,79,79%,31,27530,29,597404,419530,High Activity
Masai,M11,28-Jun-23,18,1820,Wednesday,June,Weekday,Week 5,Week 26,18,24,4,86,314,600,97,1097,274.25,2.48,3572,248%,121229,4874,1287,2474,80,80%,26,24399,29,597404,419530,High Activity
Masai,M11,29-Jun-23,18,2197,Thursday,June,Weekday,Week 5,Week 26,18,24,4,101,341,563,86,1091,272.75,2.61,3762,261%,121229,4874,1287,2474,79,79%,33,29441,29,597404,419530,High Activity
Masai,M11,30-Jun-23,18,2547,Friday,June,Weekday,Week 5,Week 26,18,24,4,186,267,387,130,970,242.5,2.88,4149,288%,121229,4874,1287,2474,79,79%,51,41461,29,597404,419530,High Activity
Masai,M11,01-Jul-23,17,2023,Saturday,July,Weekend,Week 1,Week 26,18,24,4,300,226,446,151,1123,280.75,3.38,4874,338%,121229,4874,1287,2474,89,89%,48,47480,29,597404,177874,High Activity
Masai,M11,03-Jul-23,24,3618,Monday,July,Weekday,Week 2,Week 27,18,24,4,19,340,793,29,1181,295.25,2.12,3047,212%,121229,4874,1287,2474,75,75%,21,18937,29,597404,177874,High Activity
Masai,M11,04-Jul-23,22,5136,Tuesday,July,Weekday,Week 2,Week 27,18,24,4,40,251,475,61,827,206.75,2.03,2927,203%,121229,4874,1287,2474,70,70%,28,17392,29,597404,177874,High Activity
Masai,M11,05-Jul-23,13,866,Wednesday,July,Weekday,Week 2,Week 27,18,24,4,3,309,899,30,1241,310.25,1.94,2795,194%,121229,4874,1287,2474,74,74%,15,14105,29,597404,177874,High Activity
Masai,M11,06-Jul-23,19,3221,Thursday,July,Weekday,Week 2,Week 27,18,24,4,41,320,541,96,998,249.5,2.27,3268,227%,121229,4874,1287,2474,78,78%,24,22513,29,597404,177874,High Activity
Masai,M11,07-Jul-23,17,2550,Friday,July,Weekday,Week 2,Week 27,18,24,4,28,297,597,87,1009,252.25,2.12,3047,212%,121229,4874,1287,2474,70,70%,29,21272,29,597404,177874,High Activity
Masai,M11,08-Jul-23,19,2372,Saturday,July,Weekend,Week 2,Week 27,18,24,4,110,93,757,11,971,242.75,1.8,2598,180%,121229,4874,1287,2474,78,78%,39,16263,29,597404,177874,High Activity
Masai,M15,19-Jun-23,19,2899,Monday,June,Weekday,Week 4,Week 25,17,24,3,98,365,538,97,1098,274.5,2.66,3830,266%,126376,5422,1359,2579,75,75%,30,28145,29,558233,345698,High Activity
Masai,M15,20-Jun-23,17,2384,Tuesday,June,Weekday,Week 4,Week 25,17,24,3,133,420,450,64,1067,266.75,2.8,4029,280%,126376,5422,1359,2579,79,79%,28,28887,29,558233,345698,High Activity
Masai,M15,21-Jun-23,19,2230,Wednesday,June,Weekday,Week 4,Week 25,17,24,3,80,437,663,87,1267,316.75,2.72,3919,272%,126376,5422,1359,2579,72,72%,33,33308,29,558233,345698,High Activity
Masai,M15,22-Jun-23,16,3704,Thursday,June,Weekday,Week 4,Week 25,17,24,3,83,225,618,65,991,247.75,2.2,3167,220%,126376,5422,1359,2579,67,67%,33,19332,29,558233,345698,High Activity
Masai,M15,23-Jun-23,16,2429,Friday,June,Weekday,Week 4,Week 25,17,24,3,51,337,643,51,1082,270.5,2.25,3241,225%,126376,5422,1359,2579,71,71%,23,18139,29,558233,345698,High Activity
Masai,M15,24-Jun-23,24,4191,Saturday,June,Weekend,Week 4,Week 25,17,24,3,217,286,353,84,940,235,2.96,4263,296%,126376,5422,1359,2579,77,77%,41,35646,29,558233,345698,High Activity
Masai,M15,26-Jun-23,19,3755,Monday,June,Weekday,Week 5,Week 26,17,24,3,63,208,443,85,799,199.75,2.2,3166,220%,126376,5422,1359,2579,73,73%,37,19241,29,558233,345698,High Activity
Masai,M15,28-Jun-23,19,2564,Wednesday,June,Weekday,Week 5,Week 26,17,24,3,123,299,775,27,1224,306,2.42,3488,242%,126376,5422,1359,2579,65,65%,24,18793,29,558233,345698,High Activity
Masai,M15,29-Jun-23,17,2627,Thursday,June,Weekday,Week 5,Week 26,17,24,3,122,334,434,95,985,246.25,2.72,3914,272%,126376,5422,1359,2579,73,73%,32,30693,29,558233,345698,High Activity
Masai,M15,30-Jun-23,15,2003,Friday,June,Weekday,Week 5,Week 26,17,24,3,217,298,563,77,1155,288.75,3.05,4395,305%,126376,5422,1359,2579,76,76%,37,35894,29,558233,345698,High Activity
Masai,M15,01-Jul-23,16,2215,Saturday,July,Weekend,Week 1,Week 26,17,24,3,329,308,288,137,1062,265.5,3.77,5422,377%,126376,5422,1359,2579,85,85%,48,51395,29,558233,212535,High Activity
Masai,M15,03-Jul-23,18,2365,Monday,July,Weekday,Week 2,Week 27,17,24,3,187,378,283,89,937,234.25,3.15,4536,315%,126376,5422,1359,2579,79,79%,36,36325,29,558233,212535,High Activity
Masai,M15,04-Jul-23,16,2927,Tuesday,July,Weekday,Week 2,Week 27,17,24,3,170,280,452,143,1045,261.25,3,4316,300%,126376,5422,1359,2579,75,75%,37,33328,29,558233,212535,High Activity
Masai,M15,05-Jul-23,18,2987,Wednesday,July,Weekday,Week 2,Week 27,17,24,3,83,113,516,81,793,198.25,2.02,2904,202%,126376,5422,1359,2579,66,66%,30,15832,29,558233,212535,High Activity
Masai,M15,06-Jul-23,18,2601,Thursday,July,Weekday,Week 2,Week 27,17,24,3,75,384,483,82,1024,256,2.66,3830,266%,126376,5422,1359,2579,72,72%,28,26251,29,558233,212535,High Activity
Masai,M15,07-Jul-23,21,3050,Friday,July,Weekday,Week 2,Week 27,17,24,3,15,336,576,11,938,234.5,1.98,2858,198%,126376,5422,1359,2579,64,64%,18,12790,29,558233,212535,High Activity
Masai,M15,08-Jul-23,19,1832,Saturday,July,Weekend,Week 2,Week 27,17,24,3,118,90,828,31,1067,266.75,1.9,2737,190%,126376,5422,1359,2579,70,70%,47,16898,29,558233,212535,High Activity
Masai,M16,19-Jun-23,17,3246,Monday,June,Weekday,Week 4,Week 25,17,21,14,73,213,579,27,892,223,2.06,2960,206%,113684,4379,1320,2320,76,76%,28,21218,23,417057,273159,High Activity
Masai,M16,20-Jun-23,15,3142,Tuesday,June,Weekday,Week 4,Week 25,17,21,14,52,226,610,68,956,239,2.01,2893,201%,113684,4379,1320,2320,72,72%,24,15391,23,417057,273159,High Activity
Masai,M16,21-Jun-23,16,2189,Wednesday,June,Weekday,Week 4,Week 25,17,21,14,59,324,376,189,948,237,2.63,3786,263%,113684,4379,1320,2320,84,84%,31,33154,23,417057,273159,High Activity
Masai,M16,22-Jun-23,18,4151,Thursday,June,Weekday,Week 4,Week 25,17,21,14,42,272,640,22,976,244,1.98,2846,198%,113684,4379,1320,2320,70,70%,24,12105,23,417057,273159,High Activity
Masai,M16,23-Jun-23,19,4017,Friday,June,Weekday,Week 4,Week 25,17,21,14,195,158,453,106,912,228,2.66,3825,266%,113684,4379,1320,2320,81,81%,43,31380,23,417057,273159,High Activity
Masai,M16,24-Jun-23,18,3115,Saturday,June,Weekend,Week 4,Week 25,17,21,14,15,289,427,32,763,190.75,1.86,2678,186%,113684,4379,1320,2320,70,70%,19,13623,23,417057,273159,High Activity
Masai,M16,26-Jun-23,14,2498,Monday,June,Weekday,Week 5,Week 26,17,21,14,0,314,492,9,815,203.75,1.82,2616,182%,113684,4379,1320,2320,71,71%,13,10927,23,417057,273159,High Activity
Masai,M16,27-Jun-23,20,3728,Tuesday,June,Weekday,Week 5,Week 26,17,21,14,66,325,565,70,1026,256.5,2.39,3444,239%,113684,4379,1320,2320,78,78%,26,20530,23,417057,273159,High Activity
Masai,M16,28-Jun-23,16,3476,Wednesday,June,Weekday,Week 5,Week 26,17,21,14,35,245,581,40,901,225.25,1.89,2726,189%,113684,4379,1320,2320,69,69%,21,14363,23,417057,273159,High Activity
Masai,M16,29-Jun-23,21,3448,Thursday,June,Weekday,Week 5,Week 26,17,21,14,202,312,334,121,969,242.25,3.04,4379,304%,113684,4379,1320,2320,81,81%,42,40233,23,417057,273159,High Activity
Masai,M16,30-Jun-23,18,2304,Friday,June,Weekday,Week 5,Week 26,17,21,14,88,249,519,65,921,230.25,2.27,3267,227%,113684,4379,1320,2320,79,79%,21,22251,23,417057,273159,High Activity
Masai,M16,01-Jul-23,17,1647,Saturday,July,Weekend,Week 1,Week 26,17,21,14,42,208,842,22,1114,278.5,1.8,2589,180%,113684,4379,1320,2320,68,68%,20,10978,23,417057,143898,High Activity
Masai,M16,03-Jul-23,16,2262,Monday,July,Weekday,Week 2,Week 27,17,21,14,176,327,460,61,1024,256,2.84,4093,284%,113684,4379,1320,2320,85,85%,34,38790,23,417057,143898,High Activity
Masai,M16,05-Jul-23,18,2195,Wednesday,July,Weekday,Week 2,Week 27,17,21,14,159,295,324,120,898,224.5,2.81,4053,281%,113684,4379,1320,2320,85,85%,30,34890,23,417057,143898,High Activity
Masai,M16,07-Jul-23,19,3776,Friday,July,Weekday,Week 2,Week 27,17,21,14,90,236,266,31,623,155.75,2.06,2973,206%,113684,4379,1320,2320,72,72%,26,17098,23,417057,143898,High Activity
Masai,M16,08-Jul-23,16,1892,Saturday,July,Weekend,Week 2,Week 27,17,21,14,55,63,754,40,912,228,1.6,2310,160%,113684,4379,1320,2320,75,75%,41,10148,23,417057,143898,High Activity
Masai,M17,19-Jun-23,21,3912,Monday,June,Weekday,Week 4,Week 25,17,21,13,76,244,588,41,949,237.25,2.28,3284,228%,115832,3719,1757,2364,79,79%,19,16840,16,319229,178826,High Activity
Masai,M17,20-Jun-23,16,2539,Tuesday,June,Weekday,Week 4,Week 25,17,21,13,20,233,677,50,980,245,2,2877,200%,115832,3719,1757,2364,76,76%,16,12343,16,319229,178826,High Activity
Masai,M17,21-Jun-23,16,3543,Wednesday,June,Weekday,Week 4,Week 25,17,21,13,31,352,512,47,942,235.5,2.33,3361,233%,115832,3719,1757,2364,82,82%,18,16324,16,319229,178826,High Activity
Masai,M17,22-Jun-23,15,2905,Thursday,June,Weekday,Week 4,Week 25,17,21,13,92,253,608,40,993,248.25,2.32,3340,232%,115832,3719,1757,2364,77,77%,23,17177,16,319229,178826,High Activity
Masai,M17,23-Jun-23,19,3813,Friday,June,Weekday,Week 4,Week 25,17,21,13,117,222,562,45,946,236.5,2.41,3466,241%,115832,3719,1757,2364,79,79%,23,18505,16,319229,178826,High Activity
Masai,M17,24-Jun-23,16,3323,Saturday,June,Weekend,Week 4,Week 25,17,21,13,62,248,604,60,974,243.5,2.25,3246,225%,115832,3719,1757,2364,78,78%,23,18106,16,319229,178826,High Activity
Masai,M17,26-Jun-23,16,3064,Monday,June,Weekday,Week 5,Week 26,17,21,13,40,318,517,37,912,228,2.23,3216,223%,115832,3719,1757,2364,76,76%,18,15836,16,319229,178826,High Activity
Masai,M17,30-Jun-23,19,2390,Friday,June,Weekday,Week 5,Week 26,17,21,13,59,317,498,47,921,230.25,2.42,3479,242%,115832,3719,1757,2364,81,81%,20,20888,16,319229,178826,High Activity
Masai,M17,01-Jul-23,17,2537,Saturday,July,Weekend,Week 1,Week 26,17,21,13,55,206,802,41,1104,276,2.08,2996,208%,115832,3719,1757,2364,74,74%,17,12865,16,319229,140403,High Activity
Masai,M17,03-Jul-23,17,3085,Monday,July,Weekday,Week 2,Week 27,17,21,13,127,239,446,69,881,220.25,2.58,3719,258%,115832,3719,1757,2364,79,79%,28,25042,16,319229,140403,High Activity
Masai,M17,04-Jul-23,17,3376,Tuesday,July,Weekday,Week 2,Week 27,17,21,13,134,252,567,45,998,249.5,2.51,3612,251%,115832,3719,1757,2364,77,77%,28,24104,16,319229,140403,High Activity
Masai,M17,05-Jul-23,18,4054,Wednesday,July,Weekday,Week 2,Week 27,17,21,13,47,344,519,55,965,241.25,2.51,3611,251%,115832,3719,1757,2364,83,83%,18,16995,16,319229,140403,High Activity
Masai,M17,06-Jul-23,16,3857,Thursday,July,Weekday,Week 2,Week 27,17,21,13,83,195,597,49,924,231,2.27,3266,227%,115832,3719,1757,2364,79,79%,20,15402,16,319229,140403,High Activity
Masai,M17,07-Jul-23,17,3485,Friday,July,Weekday,Week 2,Week 27,17,21,13,18,362,494,17,891,222.75,2.25,3241,225%,115832,3719,1757,2364,77,77%,17,15137,16,319229,140403,High Activity
Masai,M17,08-Jul-23,17,3226,Saturday,July,Weekend,Week 2,Week 27,17,21,13,106,133,649,40,928,232,2.18,3141,218%,115832,3719,1757,2364,78,78%,20,17416,16,319229,140403,High Activity
Masai,M20,19-Jun-23,16,2979,Monday,June,Weekday,Week 4,Week 25,17,19,14,162,296,543,93,1094,273.5,3.12,4496,312%,111541,4818,1123,2276,76,76%,29,25839,21,438380,278626,High Activity
Masai,M20,20-Jun-23,17,3460,Tuesday,June,Weekday,Week 4,Week 25,17,19,14,133,330,491,84,1038,259.5,3,4323,300%,111541,4818,1123,2276,76,76%,28,24785,21,438380,278626,High Activity
Masai,M20,21-Jun-23,15,2526,Wednesday,June,Weekday,Week 4,Week 25,17,19,14,115,277,437,86,915,228.75,2.69,3876,269%,111541,4818,1123,2276,77,77%,16,14953,21,438380,278626,High Activity
Masai,M20,22-Jun-23,16,3113,Thursday,June,Weekday,Week 4,Week 25,17,19,14,165,313,378,164,1020,255,3.35,4818,335%,111541,4818,1123,2276,76,76%,31,28293,21,438380,278626,High Activity
Masai,M20,23-Jun-23,15,2682,Friday,June,Weekday,Week 4,Week 25,17,19,14,112,324,398,81,915,228.75,2.85,4102,285%,111541,4818,1123,2276,73,73%,28,23829,21,438380,278626,High Activity
Masai,M20,24-Jun-23,16,3133,Saturday,June,Weekend,Week 4,Week 25,17,19,14,112,188,540,41,881,220.25,2.41,3466,241%,111541,4818,1123,2276,73,73%,21,17494,21,438380,278626,High Activity
Masai,M20,26-Jun-23,15,2638,Monday,June,Weekday,Week 5,Week 26,17,19,14,53,360,531,70,1014,253.5,2.38,3431,238%,111541,4818,1123,2276,74,74%,24,19982,21,438380,278626,High Activity
Masai,M20,27-Jun-23,16,3097,Tuesday,June,Weekday,Week 5,Week 26,17,19,14,3,362,539,50,954,238.5,2.19,3153,219%,111541,4818,1123,2276,71,71%,22,17726,21,438380,278626,High Activity
Masai,M20,28-Jun-23,18,4482,Wednesday,June,Weekday,Week 5,Week 26,17,19,14,15,327,663,41,1046,261.5,2.12,3046,212%,111541,4818,1123,2276,70,70%,22,16431,21,438380,278626,High Activity
Masai,M20,29-Jun-23,18,3587,Thursday,June,Weekday,Week 5,Week 26,17,19,14,9,346,520,18,893,223.25,2.05,2946,205%,111541,4818,1123,2276,72,72%,14,12606,21,438380,278626,High Activity
Masai,M20,30-Jun-23,15,3054,Friday,June,Weekday,Week 5,Week 26,17,19,14,21,310,668,66,1065,266.25,2.13,3068,213%,111541,4818,1123,2276,74,74%,24,15661,21,438380,278626,High Activity
Masai,M20,01-Jul-23,16,3596,Saturday,July,Weekend,Week 1,Week 26,17,19,14,48,309,603,55,1015,253.75,2.28,3290,228%,111541,4818,1123,2276,75,75%,25,20243,21,438380,159754,High Activity
Masai,M20,03-Jul-23,17,3890,Monday,July,Weekday,Week 2,Week 27,17,19,14,33,356,441,66,896,224,2.3,3318,230%,111541,4818,1123,2276,73,73%,23,19061,21,438380,159754,High Activity
Masai,M20,04-Jul-23,19,5026,Tuesday,July,Weekday,Week 2,Week 27,17,19,14,44,331,545,82,1002,250.5,2.42,3489,242%,111541,4818,1123,2276,73,73%,31,23268,21,438380,159754,High Activity
Masai,M20,05-Jul-23,18,3639,Wednesday,July,Weekday,Week 2,Week 27,17,19,14,40,293,547,59,939,234.75,2.22,3190,222%,111541,4818,1123,2276,77,77%,17,16018,21,438380,159754,High Activity
Masai,M20,06-Jul-23,16,2794,Thursday,July,Weekday,Week 2,Week 27,16,19,14,38,395,461,129,1023,255.75,2.71,3902,271%,111541,4818,1123,2276,77,77%,32,28979,21,438380,159754,High Activity
Masai,M20,07-Jul-23,15,2970,Friday,July,Weekday,Week 2,Week 27,16,19,14,32,441,358,66,897,224.25,2.6,3749,260%,111541,4818,1123,2276,78,78%,27,23852,21,438380,159754,High Activity
Masai,M20,08-Jul-23,17,2752,Saturday,July,Weekend,Week 2,Week 27,17,19,14,33,184,669,30,916,229,1.88,2701,188%,111541,4818,1123,2276,79,79%,30,12884,21,438380,159754,High Activity
Masai,M03,26-Jun-23,18,3948,Monday,June,Weekday,Week 5,Week 26,17,21,14,2,259,711,14,986,246.5,1.24,1787,124%,84689,2521,942,1728,82,82%,15,8625,16,322262,191282,Moderate Activity
Masai,M10,20-Jun-23,17,2449,Tuesday,June,Weekday,Week 4,Week 25,18,22,13,0,222,619,10,851,212.75,1.64,2359,164%,114882,4648,1272,2345,74,74%,10,8128,25,482588,312863,Moderate Activity
Masai,M10,29-Jun-23,17,4254,Thursday,June,Weekday,Week 5,Week 26,18,22,13,35,301,432,73,841,210.25,2.12,3056,212%,114882,4648,1272,2345,86,86%,10,8753,25,482588,312863,Moderate Activity
Masai,M11,22-Jun-23,21,3561,Thursday,June,Weekday,Week 4,Week 25,18,24,4,18,241,754,12,1025,256.25,1.67,2410,167%,121229,4874,1287,2474,67,67%,18,9199,29,597404,419530,Moderate Activity
Masai,M16,04-Jul-23,14,3987,Tuesday,July,Weekday,Week 2,Week 27,17,21,14,32,115,661,6,814,203.5,1.49,2143,149%,113684,4379,1320,2320,62,62%,7,2366,23,417057,143898,Low Activity
Masai,M16,06-Jul-23,15,3361,Thursday,July,Weekday,Week 2,Week 27,17,21,14,56,146,835,36,1073,268.25,1.76,2538,176%,113684,4379,1320,2320,68,68%,22,9924,23,417057,143898,Moderate Activity
Masai,M17,27-Jun-23,16,3483,Tuesday,June,Weekday,Week 5,Week 26,17,21,13,16,209,798,11,1034,258.5,1.77,2552,177%,115832,3719,1757,2364,73,73%,10,7620,16,319229,178826,Moderate Activity
Masai,M17,28-Jun-23,15,2765,Wednesday,June,Weekday,Week 5,Week 26,17,21,13,19,231,619,15,884,221,1.86,2682,186%,115832,3719,1757,2364,73,73%,12,9895,16,319229,178826,Moderate Activity
Masai,M17,29-Jun-23,16,3202,Thursday,June,Weekday,Week 5,Week 26,17,21,13,0,71,877,0,948,237,1.34,1928,134%,115832,3719,1757,2364,69,69%,6,1482,16,319229,178826,Low Activity
